scheme_code,period_name,bnh_max_dd,v2a_max_dd,drawdown_saved,v2a_beats_bnh
100033,2011 Bear,-0.292405,-0.260455,-0.03195,True
100033,2015-16 Correction,-0.196722,-0.108623,-0.088099,True
100033,2018-19 NBFC Crisis,-0.181674,-0.144667,-0.037008,True
100033,2020 COVID Crash,-0.393125,-0.270635,-0.12249,True
100033,2024-26 Sideways,-0.207723,-0.130459,-0.077263,True
100064,2011 Bear,-0.18158,-0.144527,-0.037053,True
100064,2015-16 Correction,-0.185796,-0.08338,-0.102416,True
100064,2018-19 NBFC Crisis,-0.172476,-0.089358,-0.083118,True
100064,2020 COVID Crash,-0.324691,-0.186602,-0.138089,True
100064,2024-26 Sideways,-0.226045,-0.192484,-0.033561,True
100081,2011 Bear,-0.177595,-0.145269,-0.032326,True
100081,2015-16 Correction,-0.155509,-0.102043,-0.053466,True
100081,2018-19 NBFC Crisis,-0.137986,-0.074275,-0.063711,True
100081,2020 COVID Crash,-0.288671,-0.150816,-0.137855,True
100081,2024-26 Sideways,-0.115116,-0.030466,-0.084651,True
100175,2011 Bear,-0.397063,-0.367753,-0.029311,True
100175,2015-16 Correction,-0.146542,-0.096225,-0.050317,True
100175,2018-19 NBFC Crisis,-0.142895,-0.053322,-0.089573,True
100175,2020 COVID Crash,-0.362924,-0.23438,-0.128545,True
100175,2024-26 Sideways,-0.261971,-0.160142,-0.101829,True
100177,2011 Bear,-0.087335,-0.069913,-0.017422,True
100177,2015-16 Correction,-0.282195,-0.203633,-0.078562,True
100177,2018-19 NBFC Crisis,-0.13263,-0.010794,-0.121836,True
100177,2020 COVID Crash,-0.385757,-0.385757,-0.0,True
100177,2024-26 Sideways,-0.247285,-0.17093,-0.076355,True
100219,2011 Bear,-0.32255,-0.292659,-0.02989,True
100219,2015-16 Correction,-0.208445,-0.152637,-0.055808,True
100219,2018-19 NBFC Crisis,-0.055597,-0.05333,-0.002267,True
100219,2020 COVID Crash,-0.153113,-0.122152,-0.030962,True
100219,2024-26 Sideways,-0.203672,-0.148068,-0.055604,True
100221,2011 Bear,-0.186416,-0.150307,-0.036109,True
100221,2015-16 Correction,-0.151043,-0.020848,-0.130195,True
100221,2018-19 NBFC Crisis,-0.046186,-0.007289,-0.038897,True
100221,2020 COVID Crash,-0.297321,-0.1978,-0.099521,True
100221,2024-26 Sideways,-0.190308,-0.038089,-0.152218,True
100254,2011 Bear,-0.418293,-0.418293,0.0,False
100254,2015-16 Correction,-0.256343,-0.178849,-0.077494,True
100254,2018-19 NBFC Crisis,-0.159441,-0.087839,-0.071602,True
100254,2020 COVID Crash,-0.379704,-0.287268,-0.092436,True
100254,2024-26 Sideways,-0.275211,-0.204812,-0.070399,True
100313,2011 Bear,-0.285597,-0.257267,-0.028329,True
100313,2015-16 Correction,-0.286128,-0.260578,-0.02555,True
100313,2018-19 NBFC Crisis,-0.13838,-0.132285,-0.006095,True
100313,2020 COVID Crash,-0.342744,-0.263974,-0.07877,True
100313,2024-26 Sideways,-0.235432,-0.169917,-0.065515,True
100323,2011 Bear,-0.202126,-0.162322,-0.039805,True
100323,2015-16 Correction,-0.250852,-0.130663,-0.120189,True
100323,2018-19 NBFC Crisis,-0.10459,-0.083891,-0.020699,True
100323,2020 COVID Crash,-0.282468,-0.171941,-0.110527,True
100323,2024-26 Sideways,-0.154808,-0.036253,-0.118555,True
100414,2011 Bear,-0.133471,-0.102294,-0.031177,True
100414,2015-16 Correction,-0.144166,-0.03339,-0.110776,True
100414,2018-19 NBFC Crisis,-0.10192,-0.015671,-0.086249,True
100414,2020 COVID Crash,-0.289681,-0.137419,-0.152262,True
100414,2024-26 Sideways,-0.144851,-0.02925,-0.115601,True
100415,2011 Bear,-0.189973,-0.157217,-0.032756,True
100415,2015-16 Correction,-0.172315,-0.07447,-0.097845,True
100415,2018-19 NBFC Crisis,-0.130142,-0.060418,-0.069724,True
100415,2020 COVID Crash,-0.295788,-0.167097,-0.12869,True
100415,2024-26 Sideways,-0.233216,-0.173014,-0.060202,True
100475,2011 Bear,-0.229817,-0.192179,-0.037638,True
100475,2015-16 Correction,-0.18932,-0.087353,-0.101967,True
100475,2018-19 NBFC Crisis,-0.145009,-0.067503,-0.077506,True
100475,2020 COVID Crash,-0.376225,-0.261509,-0.114716,True
100475,2024-26 Sideways,-0.162438,-0.053487,-0.10895,True
100476,2011 Bear,-0.223203,-0.223203,0.0,False
100476,2015-16 Correction,-0.256369,-0.205204,-0.051165,True
100476,2018-19 NBFC Crisis,-0.151495,-0.101847,-0.049647,True
100476,2020 COVID Crash,-0.376327,-0.253179,-0.123148,True
100476,2024-26 Sideways,-0.20974,-0.20974,-0.0,True
100477,2011 Bear,-0.321133,-0.291344,-0.029789,True
100477,2015-16 Correction,-0.246847,-0.138201,-0.108646,True
100477,2018-19 NBFC Crisis,-0.174798,-0.16663,-0.008169,True
100477,2020 COVID Crash,-0.328214,-0.236071,-0.092143,True
100477,2024-26 Sideways,-0.24085,-0.185362,-0.055488,True
100480,2011 Bear,-0.242872,-0.224636,-0.018236,True
100480,2015-16 Correction,-0.224398,-0.181623,-0.042774,True
100480,2018-19 NBFC Crisis,-0.141781,-0.124062,-0.017719,True
100480,2020 COVID Crash,-0.351042,-0.284344,-0.066699,True
100480,2024-26 Sideways,-0.170134,-0.15051,-0.019624,True
100631,2011 Bear,-0.359237,-0.306745,-0.052492,True
100631,2015-16 Correction,-0.183428,-0.183428,-0.0,True
100631,2018-19 NBFC Crisis,-0.131865,-0.131865,-0.0,True
100631,2020 COVID Crash,-0.358065,-0.358065,-0.0,True
100631,2024-26 Sideways,-0.266649,-0.266649,-0.0,True
100651,2011 Bear,-0.213803,-0.157785,-0.056018,True
100651,2015-16 Correction,-0.212253,-0.130475,-0.081778,True
100651,2018-19 NBFC Crisis,-0.143605,-0.137561,-0.006044,True
100651,2020 COVID Crash,-0.34709,-0.242455,-0.104635,True
100651,2024-26 Sideways,-0.169227,-0.062665,-0.106562,True
100664,2011 Bear,-0.188624,-0.188624,0.0,False
100664,2015-16 Correction,-0.21325,-0.126763,-0.086488,True
100664,2018-19 NBFC Crisis,-0.137537,-0.08362,-0.053917,True
100664,2020 COVID Crash,-0.388877,-0.285401,-0.103477,True
100664,2024-26 Sideways,-0.178622,-0.155089,-0.023533,True
100684,2011 Bear,-0.200329,-0.163676,-0.036654,True
100684,2015-16 Correction,-0.146618,-0.059243,-0.087375,True
100684,2018-19 NBFC Crisis,-0.105058,-0.038876,-0.066182,True
100684,2020 COVID Crash,-0.310624,-0.19103,-0.119594,True
100684,2024-26 Sideways,-0.122454,-0.02795,-0.094504,True
100740,2011 Bear,-0.145196,-0.10424,-0.040956,True
100740,2015-16 Correction,-0.184744,-0.050843,-0.133901,True
100740,2018-19 NBFC Crisis,-0.145708,-0.047719,-0.097989,True
100740,2020 COVID Crash,-0.30525,-0.153872,-0.151379,True
100740,2024-26 Sideways,-0.218562,-0.149381,-0.069181,True
100795,2011 Bear,-0.345039,-0.330881,-0.014159,True
100795,2015-16 Correction,-0.266248,-0.198751,-0.067497,True
100795,2018-19 NBFC Crisis,-0.208549,-0.145146,-0.063403,True
100795,2020 COVID Crash,-0.411196,-0.411196,-0.0,True
100795,2024-26 Sideways,-0.241343,-0.164917,-0.076426,True
100807,2011 Bear,-0.138408,-0.128104,-0.010304,True
100807,2015-16 Correction,-0.202065,-0.121223,-0.080842,True
100807,2018-19 NBFC Crisis,-0.165114,-0.165114,-0.0,True
100807,2020 COVID Crash,-0.195231,-0.195231,0.0,False
100807,2024-26 Sideways,-0.160199,-0.109526,-0.050673,True
100821,2011 Bear,-0.245727,-0.211052,-0.034676,True
100821,2015-16 Correction,-0.198268,-0.084945,-0.113323,True
100821,2018-19 NBFC Crisis,-0.140509,-0.124458,-0.016052,True
100821,2020 COVID Crash,-0.351309,-0.224798,-0.126511,True
100821,2024-26 Sideways,-0.189309,-0.044567,-0.144742,True
100865,2011 Bear,-0.277783,-0.249849,-0.027934,True
100865,2015-16 Correction,-0.251193,-0.158309,-0.092884,True
100865,2018-19 NBFC Crisis,-0.138567,-0.134946,-0.003621,True
100865,2020 COVID Crash,-0.357837,-0.21513,-0.142707,True
100865,2024-26 Sideways,-0.188197,-0.052265,-0.135932,True
101065,2011 Bear,-0.150191,-0.124006,-0.026186,True
101065,2015-16 Correction,-0.102641,-0.045685,-0.056957,True
101065,2018-19 NBFC Crisis,-0.146101,-0.06866,-0.07744,True
101065,2020 COVID Crash,-0.335999,-0.234578,-0.101422,True
101065,2024-26 Sideways,-0.266249,-0.224944,-0.041304,True
101070,2011 Bear,-0.256828,-0.190727,-0.066101,True
101070,2015-16 Correction,-0.10976,-0.09188,-0.01788,True
101070,2018-19 NBFC Crisis,-0.105593,-0.058748,-0.046845,True
101070,2020 COVID Crash,-0.288917,-0.211443,-0.077474,True
101070,2024-26 Sideways,-0.19054,-0.122695,-0.067846,True
101072,2011 Bear,-0.00628,-0.00628,0.0,False
101072,2015-16 Correction,-0.019291,-0.009242,-0.010049,True
101072,2018-19 NBFC Crisis,-0.006648,-0.001668,-0.00498,True
101072,2020 COVID Crash,-0.325783,-0.190467,-0.135316,True
101072,2024-26 Sideways,-0.129666,-0.086976,-0.042689,True
101209,2011 Bear,-0.245678,-0.245678,0.0,False
101209,2015-16 Correction,-0.229251,-0.178277,-0.050973,True
101209,2018-19 NBFC Crisis,-0.135602,-0.085501,-0.050101,True
101209,2020 COVID Crash,-0.351507,-0.275464,-0.076042,True
101209,2024-26 Sideways,-0.176771,-0.176771,-0.0,True
101539,2011 Bear,-0.24947,-0.224558,-0.024911,True
101539,2015-16 Correction,-0.220096,-0.16,-0.060096,True
101539,2018-19 NBFC Crisis,-0.179734,-0.130832,-0.048901,True
101539,2020 COVID Crash,-0.395479,-0.326205,-0.069274,True
101539,2024-26 Sideways,-0.209735,-0.190154,-0.019581,True
101594,2011 Bear,-0.244573,-0.228762,-0.015811,True
101594,2015-16 Correction,-0.227793,-0.185945,-0.041847,True
101594,2018-19 NBFC Crisis,-0.154262,-0.123081,-0.031181,True
101594,2020 COVID Crash,-0.361567,-0.265805,-0.095762,True
101594,2024-26 Sideways,-0.180421,-0.137884,-0.042537,True
101635,2011 Bear,-0.209536,-0.149875,-0.059661,True
101635,2015-16 Correction,-0.238325,-0.153156,-0.085169,True
101635,2018-19 NBFC Crisis,-0.155716,-0.136837,-0.018879,True
101635,2020 COVID Crash,-0.403882,-0.306333,-0.097549,True
101635,2024-26 Sideways,-0.13559,-0.058896,-0.076695,True
101672,2011 Bear,-0.250803,-0.234171,-0.016632,True
101672,2015-16 Correction,-0.226534,-0.196257,-0.030277,True
101672,2018-19 NBFC Crisis,-0.149192,-0.123696,-0.025496,True
101672,2020 COVID Crash,-0.376924,-0.297022,-0.079902,True
101672,2024-26 Sideways,-0.212482,-0.1908,-0.021682,True
101766,2011 Bear,-0.363661,-0.363661,0.0,False
101766,2015-16 Correction,-0.246801,-0.214777,-0.032024,True
101766,2018-19 NBFC Crisis,-0.162967,-0.134029,-0.028939,True
101766,2020 COVID Crash,-0.365144,-0.262239,-0.102905,True
101766,2024-26 Sideways,-0.301949,-0.301949,0.0,False
101824,2011 Bear,-0.244613,-0.215414,-0.029199,True
101824,2015-16 Correction,-0.187024,-0.103686,-0.083338,True
101824,2018-19 NBFC Crisis,-0.121062,-0.050765,-0.070297,True
101824,2020 COVID Crash,-0.358004,-0.227614,-0.13039,True
101824,2024-26 Sideways,-0.230466,-0.070972,-0.159494,True
101853,2011 Bear,-0.258889,-0.242489,-0.0164,True
101853,2015-16 Correction,-0.219104,-0.16885,-0.050254,True
101853,2018-19 NBFC Crisis,-0.165584,-0.125211,-0.040374,True
101853,2020 COVID Crash,-0.394076,-0.325993,-0.068083,True
101853,2024-26 Sideways,-0.161251,-0.148122,-0.013128,True
101922,2011 Bear,-0.174396,-0.139419,-0.034977,True
101922,2015-16 Correction,-0.252556,-0.131196,-0.121359,True
101922,2018-19 NBFC Crisis,-0.136986,-0.132968,-0.004018,True
101922,2020 COVID Crash,-0.333157,-0.216842,-0.116315,True
101922,2024-26 Sideways,-0.178657,-0.133187,-0.045471,True
102000,2011 Bear,-0.25833,-0.25833,0.0,False
102000,2015-16 Correction,-0.264233,-0.232595,-0.031637,True
102000,2018-19 NBFC Crisis,-0.116778,-0.116778,-0.0,True
102000,2020 COVID Crash,-0.393448,-0.318086,-0.075362,True
102000,2024-26 Sideways,-0.165853,-0.12898,-0.036873,True
102020,2011 Bear,-0.313777,-0.284085,-0.029692,True
102020,2015-16 Correction,-0.21426,-0.159205,-0.055054,True
102020,2018-19 NBFC Crisis,-0.165432,-0.131936,-0.033496,True
102020,2020 COVID Crash,-0.343165,-0.281691,-0.061475,True
102020,2024-26 Sideways,-0.195834,-0.117903,-0.077931,True
102142,2011 Bear,-0.238469,-0.197784,-0.040686,True
102142,2015-16 Correction,-0.16315,-0.113169,-0.049981,True
102142,2018-19 NBFC Crisis,-0.169914,-0.083674,-0.08624,True
102142,2020 COVID Crash,-0.357872,-0.24303,-0.114842,True
102142,2024-26 Sideways,-0.247288,-0.085625,-0.161663,True
102252,2011 Bear,-0.209869,-0.14789,-0.061979,True
102252,2015-16 Correction,-0.226896,-0.121768,-0.105128,True
102252,2018-19 NBFC Crisis,-0.167885,-0.157081,-0.010804,True
102252,2020 COVID Crash,-0.385317,-0.277842,-0.107475,True
102252,2024-26 Sideways,-0.207445,-0.15189,-0.055555,True
102328,2011 Bear,-0.241452,-0.210897,-0.030554,True
102328,2015-16 Correction,-0.226366,-0.120778,-0.105589,True
102328,2018-19 NBFC Crisis,-0.178832,-0.160983,-0.017849,True
102328,2020 COVID Crash,-0.352103,-0.234408,-0.117695,True
102328,2024-26 Sideways,-0.216176,-0.132204,-0.083971,True
102401,2011 Bear,-0.343377,-0.279997,-0.063381,True
102401,2015-16 Correction,-0.300367,-0.254705,-0.045662,True
102401,2018-19 NBFC Crisis,-0.198621,-0.158326,-0.040294,True
102401,2020 COVID Crash,-0.485957,-0.435656,-0.050301,True
102401,2024-26 Sideways,-0.165958,-0.093678,-0.07228,True
102414,2011 Bear,-0.298976,-0.298976,0.0,False
102414,2015-16 Correction,-0.199458,-0.143178,-0.05628,True
102414,2018-19 NBFC Crisis,-0.146298,-0.103371,-0.042927,True
102414,2020 COVID Crash,-0.360206,-0.228063,-0.132143,True
102414,2024-26 Sideways,-0.161692,-0.13579,-0.025902,True
102434,2011 Bear,-0.33949,-0.255595,-0.083894,True
102434,2015-16 Correction,-0.259787,-0.222433,-0.037354,True
102434,2018-19 NBFC Crisis,-0.163086,-0.13403,-0.029056,True
102434,2020 COVID Crash,-0.416064,-0.304496,-0.111568,True
102434,2024-26 Sideways,-0.261424,-0.261424,-0.0,True
102756,2011 Bear,-0.195223,-0.183569,-0.011654,True
102756,2015-16 Correction,-0.14387,-0.108241,-0.03563,True
102756,2018-19 NBFC Crisis,-0.142932,-0.103954,-0.038978,True
102756,2020 COVID Crash,-0.32796,-0.241738,-0.086222,True
102756,2024-26 Sideways,-0.130215,-0.091246,-0.038969,True
102823,2011 Bear,-0.125563,-0.125563,0.0,False
102823,2015-16 Correction,-0.168008,-0.148685,-0.019323,True
102823,2018-19 NBFC Crisis,-0.17147,-0.17147,0.0,False
102823,2020 COVID Crash,-0.22795,-0.22795,0.0,False
102823,2024-26 Sideways,-0.13634,-0.112297,-0.024043,True
102885,2011 Bear,-0.227416,-0.190159,-0.037257,True
102885,2015-16 Correction,-0.110728,-0.055214,-0.055514,True
102885,2018-19 NBFC Crisis,-0.091916,-0.044574,-0.047342,True
102885,2020 COVID Crash,-0.275336,-0.149737,-0.125599,True
102885,2024-26 Sideways,-0.100233,-0.033762,-0.066472,True
102920,2011 Bear,-0.244703,-0.193663,-0.05104,True
102920,2015-16 Correction,-0.222291,-0.133378,-0.088912,True
102920,2018-19 NBFC Crisis,-0.170945,-0.154373,-0.016572,True
102920,2020 COVID Crash,-0.362635,-0.266715,-0.095921,True
102920,2024-26 Sideways,-0.186451,-0.072984,-0.113467,True
102941,2011 Bear,-0.288431,-0.254532,-0.033899,True
102941,2015-16 Correction,-0.164176,-0.09766,-0.066516,True
102941,2018-19 NBFC Crisis,-0.182627,-0.089485,-0.093142,True
102941,2020 COVID Crash,-0.367837,-0.248591,-0.119246,True
102941,2024-26 Sideways,-0.181901,-0.051549,-0.130353,True
103024,2011 Bear,-0.27295,-0.256265,-0.016685,True
103024,2015-16 Correction,-0.183002,-0.101435,-0.081568,True
103024,2018-19 NBFC Crisis,-0.128584,-0.062154,-0.06643,True
103024,2020 COVID Crash,-0.364694,-0.245604,-0.11909,True
103024,2024-26 Sideways,-0.145404,-0.130733,-0.014671,True
103034,2011 Bear,-0.1998,-0.142087,-0.057713,True
103034,2015-16 Correction,-0.165671,-0.092202,-0.073469,True
103034,2018-19 NBFC Crisis,-0.128706,-0.073273,-0.055434,True
103034,2020 COVID Crash,-0.275941,-0.176011,-0.09993,True
103034,2024-26 Sideways,-0.157551,-0.065294,-0.092257,True
103040,2011 Bear,-0.250196,-0.214384,-0.035811,True
103040,2015-16 Correction,-0.212188,-0.0996,-0.112589,True
103040,2018-19 NBFC Crisis,-0.135753,-0.112598,-0.023155,True
103040,2020 COVID Crash,-0.380099,-0.276643,-0.103457,True
103040,2024-26 Sideways,-0.193974,-0.122419,-0.071555,True
103098,2011 Bear,-0.145963,-0.122694,-0.023269,True
103098,2015-16 Correction,-0.248266,-0.059568,-0.188698,True
103098,2018-19 NBFC Crisis,-0.151879,-0.145347,-0.006531,True
103098,2020 COVID Crash,-0.367294,-0.251205,-0.116089,True
103098,2024-26 Sideways,-0.175342,-0.137693,-0.03765,True
103145,2011 Bear,-0.29354,-0.245109,-0.04843,True
103145,2015-16 Correction,-0.246698,-0.182617,-0.06408,True
103145,2018-19 NBFC Crisis,-0.16317,-0.128874,-0.034296,True
103145,2020 COVID Crash,-0.348765,-0.230419,-0.118345,True
103145,2024-26 Sideways,-0.220983,-0.220983,0.0,False
103155,2011 Bear,-0.148254,-0.092949,-0.055304,True
103155,2015-16 Correction,-0.133166,-0.027506,-0.10566,True
103155,2018-19 NBFC Crisis,-0.112569,-0.014211,-0.098358,True
103155,2020 COVID Crash,-0.320567,-0.154102,-0.166465,True
103155,2024-26 Sideways,-0.135885,-0.025748,-0.110137,True
103166,2011 Bear,-0.306146,-0.273392,-0.032754,True
103166,2015-16 Correction,-0.192724,-0.132806,-0.059917,True
103166,2018-19 NBFC Crisis,-0.139585,-0.095286,-0.044298,True
103166,2020 COVID Crash,-0.386374,-0.324608,-0.061767,True
103166,2024-26 Sideways,-0.172953,-0.102661,-0.070292,True
103168,2011 Bear,-0.298574,-0.267633,-0.030941,True
103168,2015-16 Correction,-0.159467,-0.12287,-0.036596,True
103168,2018-19 NBFC Crisis,-0.138271,-0.05158,-0.086691,True
103168,2020 COVID Crash,-0.345706,-0.210314,-0.135392,True
103168,2024-26 Sideways,-0.315758,-0.25919,-0.056567,True
103215,2011 Bear,-0.315924,-0.286055,-0.029869,True
103215,2015-16 Correction,-0.1624,-0.09388,-0.06852,True
103215,2018-19 NBFC Crisis,-0.1476,-0.039852,-0.107747,True
103215,2020 COVID Crash,-0.358995,-0.248516,-0.110479,True
103215,2024-26 Sideways,-0.16338,-0.055653,-0.107727,True
103234,2011 Bear,-0.240811,-0.204249,-0.036562,True
103234,2015-16 Correction,-0.202286,-0.084918,-0.117368,True
103234,2018-19 NBFC Crisis,-0.143276,-0.128048,-0.015227,True
103234,2020 COVID Crash,-0.36145,-0.239119,-0.122331,True
103234,2024-26 Sideways,-0.188704,-0.118818,-0.069885,True
103390,2011 Bear,-0.220513,-0.17629,-0.044222,True
103390,2015-16 Correction,-0.218041,-0.184261,-0.03378,True
103390,2018-19 NBFC Crisis,-0.169444,-0.137326,-0.032118,True
103390,2020 COVID Crash,-0.367183,-0.303343,-0.06384,True
103390,2024-26 Sideways,-0.236814,-0.236814,0.0,False
103408,2011 Bear,-0.02523,-0.02523,0.0,False
103408,2015-16 Correction,-0.017979,-0.008866,-0.009113,True
103408,2018-19 NBFC Crisis,-0.025789,-0.013673,-0.012115,True
103408,2020 COVID Crash,-0.17633,-0.063606,-0.112724,True
103408,2024-26 Sideways,-0.086925,-0.063375,-0.02355,True
103504,2011 Bear,-0.255975,-0.222125,-0.03385,True
103504,2015-16 Correction,-0.148655,-0.067813,-0.080842,True
103504,2018-19 NBFC Crisis,-0.14426,-0.058198,-0.086062,True
103504,2020 COVID Crash,-0.371655,-0.255942,-0.115713,True
103504,2024-26 Sideways,-0.156867,-0.051449,-0.105418,True
103819,2011 Bear,-0.264709,-0.229233,-0.035475,True
103819,2015-16 Correction,-0.194443,-0.091252,-0.103191,True
103819,2018-19 NBFC Crisis,-0.150016,-0.125524,-0.024492,True
103819,2020 COVID Crash,-0.368407,-0.253391,-0.115015,True
103819,2024-26 Sideways,-0.172797,-0.043809,-0.128987,True
104481,2011 Bear,-0.286433,-0.221293,-0.06514,True
104481,2015-16 Correction,-0.211065,-0.133814,-0.07725,True
104481,2018-19 NBFC Crisis,-0.166587,-0.163063,-0.003523,True
104481,2020 COVID Crash,-0.3276,-0.245867,-0.081733,True
104481,2024-26 Sideways,-0.215278,-0.109362,-0.105916,True
104523,2011 Bear,-0.209887,-0.182501,-0.027386,True
104523,2015-16 Correction,-0.185589,-0.109143,-0.076447,True
104523,2018-19 NBFC Crisis,-0.131579,-0.063294,-0.068285,True
104523,2020 COVID Crash,-0.367567,-0.250155,-0.117411,True
104523,2024-26 Sideways,-0.162756,-0.093369,-0.069387,True
104636,2011 Bear,-0.213483,-0.162173,-0.05131,True
104636,2015-16 Correction,-0.190067,-0.093961,-0.096106,True
104636,2018-19 NBFC Crisis,-0.15118,-0.13873,-0.01245,True
104636,2020 COVID Crash,-0.358902,-0.261913,-0.096989,True
104636,2024-26 Sideways,-0.217,-0.196239,-0.020761,True
104772,2011 Bear,-0.282905,-0.266818,-0.016087,True
104772,2015-16 Correction,-0.187418,-0.138617,-0.0488,True
104772,2018-19 NBFC Crisis,-0.153298,-0.100154,-0.053144,True
104772,2020 COVID Crash,-0.372547,-0.284674,-0.087873,True
104772,2024-26 Sideways,-0.164844,-0.128421,-0.036424,True
104908,2011 Bear,-0.282013,-0.248381,-0.033632,True
104908,2015-16 Correction,-0.189987,-0.127483,-0.062504,True
104908,2018-19 NBFC Crisis,-0.16287,-0.075595,-0.087276,True
104908,2020 COVID Crash,-0.36092,-0.236123,-0.124797,True
104908,2024-26 Sideways,-0.210346,-0.134514,-0.075832,True
105001,2011 Bear,-0.251653,-0.215349,-0.036303,True
105001,2015-16 Correction,-0.159887,-0.136304,-0.023583,True
105001,2018-19 NBFC Crisis,-0.156488,-0.099204,-0.057284,True
105001,2020 COVID Crash,-0.381483,-0.273563,-0.10792,True
105001,2024-26 Sideways,-0.192608,-0.128904,-0.063704,True
105460,2011 Bear,-0.24318,-0.20701,-0.036171,True
105460,2015-16 Correction,-0.195989,-0.119896,-0.076093,True
105460,2018-19 NBFC Crisis,-0.15008,-0.123017,-0.027063,True
105460,2020 COVID Crash,-0.365689,-0.23675,-0.128939,True
105460,2024-26 Sideways,-0.19039,-0.042412,-0.147978,True
105503,2011 Bear,-0.217024,-0.157391,-0.059633,True
105503,2015-16 Correction,-0.201151,-0.127123,-0.074028,True
105503,2018-19 NBFC Crisis,-0.156787,-0.139883,-0.016904,True
105503,2020 COVID Crash,-0.341777,-0.262308,-0.079469,True
105503,2024-26 Sideways,-0.202721,-0.170546,-0.032175,True
105628,2011 Bear,-0.25183,-0.25183,0.0,False
105628,2015-16 Correction,-0.204447,-0.157823,-0.046624,True
105628,2018-19 NBFC Crisis,-0.142738,-0.095717,-0.047021,True
105628,2020 COVID Crash,-0.369661,-0.268392,-0.101269,True
105628,2024-26 Sideways,-0.161286,-0.125129,-0.036156,True
105875,2011 Bear,-0.248769,-0.192817,-0.055953,True
105875,2015-16 Correction,-0.231496,-0.150635,-0.080861,True
105875,2018-19 NBFC Crisis,-0.176958,-0.16351,-0.013448,True
105875,2020 COVID Crash,-0.357857,-0.264301,-0.093556,True
105875,2024-26 Sideways,-0.179519,-0.066178,-0.11334,True
105989,2011 Bear,-0.285706,-0.259421,-0.026285,True
105989,2015-16 Correction,-0.193818,-0.118245,-0.075573,True
105989,2018-19 NBFC Crisis,-0.188296,-0.121702,-0.066594,True
105989,2020 COVID Crash,-0.367079,-0.308827,-0.058252,True
105989,2024-26 Sideways,-0.242936,-0.172875,-0.070061,True
106096,2011 Bear,-0.343073,-0.297922,-0.045151,True
106096,2015-16 Correction,-0.237398,-0.210731,-0.026668,True
106096,2018-19 NBFC Crisis,-0.160187,-0.13226,-0.027927,True
106096,2020 COVID Crash,-0.391571,-0.345032,-0.04654,True
106096,2024-26 Sideways,-0.234979,-0.186928,-0.048051,True
106144,2011 Bear,-0.235931,-0.2051,-0.03083,True
106144,2015-16 Correction,-0.202197,-0.081901,-0.120296,True
106144,2018-19 NBFC Crisis,-0.150608,-0.130679,-0.019928,True
106144,2020 COVID Crash,-0.353895,-0.236904,-0.116992,True
106144,2024-26 Sideways,-0.189995,-0.143708,-0.046287,True
106166,2011 Bear,-0.114013,-0.087038,-0.026975,True
106166,2015-16 Correction,-0.173931,-0.059079,-0.114853,True
106166,2018-19 NBFC Crisis,-0.096287,-0.030255,-0.066032,True
106166,2020 COVID Crash,-0.257717,-0.111296,-0.146421,True
106166,2024-26 Sideways,-0.133215,-0.040845,-0.092369,True
106317,2011 Bear,-0.220426,-0.181872,-0.038555,True
106317,2015-16 Correction,-0.170465,-0.071398,-0.099067,True
106317,2018-19 NBFC Crisis,-0.093246,-0.041743,-0.051503,True
106317,2020 COVID Crash,-0.265544,-0.138297,-0.127247,True
106317,2024-26 Sideways,-0.108897,-0.044976,-0.06392,True
106425,2011 Bear,-0.173016,-0.134753,-0.038263,True
106425,2015-16 Correction,-0.213911,-0.035508,-0.178403,True
106425,2018-19 NBFC Crisis,-0.174348,-0.155983,-0.018366,True
106425,2020 COVID Crash,-0.297239,-0.154066,-0.143173,True
106425,2024-26 Sideways,-0.239551,-0.191536,-0.048015,True
106654,2011 Bear,-0.318284,-0.274804,-0.043481,True
106654,2015-16 Correction,-0.262774,-0.196773,-0.066001,True
106654,2018-19 NBFC Crisis,-0.149194,-0.104709,-0.044485,True
106654,2020 COVID Crash,-0.362649,-0.301288,-0.06136,True
106654,2024-26 Sideways,-0.272976,-0.272976,-0.0,True
106871,2011 Bear,-0.284005,-0.25404,-0.029965,True
106871,2015-16 Correction,-0.225296,-0.113264,-0.112032,True
106871,2018-19 NBFC Crisis,-0.136691,-0.129076,-0.007615,True
106871,2020 COVID Crash,-0.331674,-0.196638,-0.135036,True
106871,2024-26 Sideways,-0.186258,-0.067042,-0.119216,True
106873,2011 Bear,-0.188894,-0.126024,-0.06287,True
106873,2015-16 Correction,-0.171792,-0.017542,-0.15425,True
106873,2018-19 NBFC Crisis,-0.187073,-0.023554,-0.163519,True
106873,2020 COVID Crash,-0.275291,-0.115174,-0.160117,True
106873,2024-26 Sideways,-0.139339,-0.03811,-0.101229,True
107288,2011 Bear,-0.333346,-0.333346,0.0,False
107288,2015-16 Correction,-0.224526,-0.167187,-0.057339,True
107288,2018-19 NBFC Crisis,-0.16353,-0.134041,-0.029489,True
107288,2020 COVID Crash,-0.374298,-0.278606,-0.095692,True
107288,2024-26 Sideways,-0.213459,-0.172349,-0.041109,True
107353,2011 Bear,-0.221859,-0.187072,-0.034787,True
107353,2015-16 Correction,-0.202505,-0.141309,-0.061196,True
107353,2018-19 NBFC Crisis,-0.174013,-0.143914,-0.030099,True
107353,2020 COVID Crash,-0.375523,-0.328525,-0.046998,True
107353,2024-26 Sideways,-0.239941,-0.198049,-0.041892,True
107410,2011 Bear,-0.40864,-0.40864,0.0,False
107410,2015-16 Correction,-0.275168,-0.216418,-0.05875,True
107410,2018-19 NBFC Crisis,-0.184815,-0.110568,-0.074247,True
107410,2020 COVID Crash,-0.374798,-0.308988,-0.06581,True
107410,2024-26 Sideways,-0.21426,-0.187419,-0.02684,True
107763,2011 Bear,-0.363923,-0.350241,-0.013682,True
107763,2015-16 Correction,-0.297569,-0.265664,-0.031905,True
107763,2018-19 NBFC Crisis,-0.133934,-0.133325,-0.000609,True
107763,2020 COVID Crash,-0.397056,-0.31713,-0.079926,True
107763,2024-26 Sideways,-0.269174,-0.261676,-0.007498,True
108202,2011 Bear,-0.24201,-0.159102,-0.082907,True
108202,2015-16 Correction,-0.176235,-0.088959,-0.087276,True
108202,2018-19 NBFC Crisis,-0.182925,-0.111064,-0.071861,True
108202,2020 COVID Crash,-0.417428,-0.312948,-0.10448,True
108202,2024-26 Sideways,-0.221416,-0.221416,0.0,False
108378,2011 Bear,-0.320074,-0.275654,-0.04442,True
108378,2015-16 Correction,-0.281126,-0.224172,-0.056953,True
108378,2018-19 NBFC Crisis,-0.152111,-0.147817,-0.004294,True
108378,2020 COVID Crash,-0.424533,-0.336019,-0.088514,True
108378,2024-26 Sideways,-0.152028,-0.081469,-0.070559,True
108592,2011 Bear,-0.22126,-0.189451,-0.031808,True
108592,2015-16 Correction,-0.241345,-0.214607,-0.026738,True
108592,2018-19 NBFC Crisis,-0.180275,-0.172964,-0.007312,True
108592,2020 COVID Crash,-0.376318,-0.32064,-0.055678,True
108592,2024-26 Sideways,-0.181424,-0.149171,-0.032252,True
108594,2011 Bear,-0.188525,-0.164836,-0.02369,True
108594,2015-16 Correction,-0.19267,-0.121957,-0.070713,True
108594,2018-19 NBFC Crisis,-0.161408,-0.093315,-0.068093,True
108594,2020 COVID Crash,-0.369567,-0.267574,-0.101993,True
108594,2024-26 Sideways,-0.172137,-0.105404,-0.066733,True
108596,2011 Bear,-0.288171,-0.255484,-0.032687,True
108596,2015-16 Correction,-0.206518,-0.077827,-0.128691,True
108596,2018-19 NBFC Crisis,-0.139865,-0.128101,-0.011764,True
108596,2020 COVID Crash,-0.386031,-0.28969,-0.096341,True
108596,2024-26 Sideways,-0.183584,-0.062548,-0.121035,True
108799,2011 Bear,-0.248192,-0.19359,-0.054602,True
108799,2015-16 Correction,-0.228996,-0.120886,-0.108111,True
108799,2018-19 NBFC Crisis,-0.147234,-0.133068,-0.014166,True
108799,2020 COVID Crash,-0.351873,-0.245992,-0.105881,True
108799,2024-26 Sideways,-0.18347,-0.0562,-0.12727,True
108909,2011 Bear,-0.244188,-0.199956,-0.044231,True
108909,2015-16 Correction,-0.239843,-0.155347,-0.084496,True
108909,2018-19 NBFC Crisis,-0.186322,-0.156509,-0.029813,True
108909,2020 COVID Crash,-0.437958,-0.391307,-0.046651,True
108909,2024-26 Sideways,-0.183291,-0.091821,-0.09147,True
109059,2011 Bear,-0.332755,-0.275,-0.057755,True
109059,2015-16 Correction,-0.32159,-0.2769,-0.04469,True
109059,2018-19 NBFC Crisis,-0.152237,-0.149661,-0.002576,True
109059,2020 COVID Crash,-0.432843,-0.377073,-0.05577,True
109059,2024-26 Sideways,-0.173526,-0.104804,-0.068721,True
109275,2011 Bear,-0.332168,-0.285766,-0.046402,True
109275,2015-16 Correction,-0.13959,-0.078447,-0.061144,True
109275,2018-19 NBFC Crisis,-0.145002,-0.058755,-0.086247,True
109275,2020 COVID Crash,-0.356907,-0.253124,-0.103783,True
109275,2024-26 Sideways,-0.257001,-0.183061,-0.073939,True
109522,2011 Bear,-0.375429,-0.375429,0.0,False
109522,2015-16 Correction,-0.24136,-0.24136,0.0,False
109522,2018-19 NBFC Crisis,-0.153188,-0.153188,0.0,False
109522,2020 COVID Crash,-0.350061,-0.337897,-0.012164,True
109522,2024-26 Sideways,-0.240367,-0.169091,-0.071276,True
109830,2011 Bear,-0.466104,-0.466104,0.0,False
109830,2015-16 Correction,-0.185617,-0.140124,-0.045493,True
109830,2018-19 NBFC Crisis,-0.119089,-0.115239,-0.00385,True
109830,2020 COVID Crash,-0.354402,-0.294655,-0.059747,True
109830,2024-26 Sideways,-0.250862,-0.226751,-0.024111,True
110603,2011 Bear,-0.241325,-0.241325,0.0,False
110603,2015-16 Correction,-0.221625,-0.178217,-0.043409,True
110603,2018-19 NBFC Crisis,-0.211352,-0.14574,-0.065613,True
110603,2020 COVID Crash,-0.354668,-0.253187,-0.101481,True
110603,2024-26 Sideways,-0.216475,-0.216475,0.0,False
111569,2011 Bear,-0.247747,-0.217734,-0.030013,True
111569,2015-16 Correction,-0.228231,-0.096388,-0.131843,True
111569,2018-19 NBFC Crisis,-0.154042,-0.131758,-0.022284,True
111569,2020 COVID Crash,-0.397342,-0.310299,-0.087043,True
111569,2024-26 Sideways,-0.180869,-0.070431,-0.110438,True
111599,2011 Bear,-0.133236,-0.118687,-0.014549,True
111599,2015-16 Correction,-0.160342,-0.055056,-0.105286,True
111599,2018-19 NBFC Crisis,-0.053018,-0.02092,-0.032098,True
111599,2020 COVID Crash,-0.250685,-0.130982,-0.119703,True
111599,2024-26 Sideways,-0.111791,-0.084576,-0.027215,True
111638,2011 Bear,-0.213559,-0.153709,-0.05985,True
111638,2015-16 Correction,-0.190964,-0.082977,-0.107987,True
111638,2018-19 NBFC Crisis,-0.151338,-0.145638,-0.0057,True
111638,2020 COVID Crash,-0.369026,-0.274273,-0.094754,True
111638,2024-26 Sideways,-0.190961,-0.069831,-0.12113,True
111710,2011 Bear,-0.254886,-0.254886,0.0,False
111710,2015-16 Correction,-0.210305,-0.151617,-0.058688,True
111710,2018-19 NBFC Crisis,-0.209695,-0.20511,-0.004584,True
111710,2020 COVID Crash,-0.317661,-0.254715,-0.062946,True
111710,2024-26 Sideways,-0.241302,-0.193254,-0.048048,True
111722,2011 Bear,-0.179619,-0.146197,-0.033421,True
111722,2015-16 Correction,-0.228187,-0.119911,-0.108275,True
111722,2018-19 NBFC Crisis,-0.15472,-0.149642,-0.005079,True
111722,2020 COVID Crash,-0.343302,-0.251485,-0.091817,True
111722,2024-26 Sideways,-0.185918,-0.063599,-0.122319,True
111787,2011 Bear,-0.183347,-0.149269,-0.034078,True
111787,2015-16 Correction,-0.20614,-0.101264,-0.104876,True
111787,2018-19 NBFC Crisis,-0.143533,-0.136624,-0.006909,True
111787,2020 COVID Crash,-0.294212,-0.215575,-0.078637,True
111787,2024-26 Sideways,-0.211723,-0.132429,-0.079294,True
111940,2011 Bear,-0.202889,-0.171191,-0.031698,True
111940,2015-16 Correction,-0.199779,-0.087961,-0.111817,True
111940,2018-19 NBFC Crisis,-0.155261,-0.150037,-0.005224,True
111940,2020 COVID Crash,-0.352638,-0.266435,-0.086203,True
111940,2024-26 Sideways,-0.176129,-0.143643,-0.032487,True
112098,2011 Bear,-0.235778,-0.202324,-0.033455,True
112098,2015-16 Correction,-0.177748,-0.104006,-0.073742,True
112098,2018-19 NBFC Crisis,-0.139877,-0.07976,-0.060117,True
112098,2020 COVID Crash,-0.369181,-0.244252,-0.124929,True
112098,2024-26 Sideways,-0.186772,-0.115998,-0.070774,True
112108,2011 Bear,-0.253945,-0.197607,-0.056338,True
112108,2015-16 Correction,-0.152805,-0.087024,-0.06578,True
112108,2018-19 NBFC Crisis,-0.100857,-0.05189,-0.048967,True
112108,2020 COVID Crash,-0.286077,-0.171505,-0.114572,True
112108,2024-26 Sideways,-0.126009,-0.052109,-0.0739,True
112117,2011 Bear,-0.049608,-0.046463,-0.003145,True
112117,2015-16 Correction,-0.118522,-0.065317,-0.053205,True
112117,2018-19 NBFC Crisis,-0.09193,-0.052991,-0.03894,True
112117,2020 COVID Crash,-0.163579,-0.064293,-0.099286,True
112117,2024-26 Sideways,-0.115296,-0.020699,-0.094597,True
112152,2011 Bear,-0.238262,-0.173396,-0.064866,True
112152,2015-16 Correction,-0.232091,-0.147147,-0.084944,True
112152,2018-19 NBFC Crisis,-0.168844,-0.16447,-0.004375,True
112152,2020 COVID Crash,-0.347655,-0.262874,-0.084782,True
112152,2024-26 Sideways,-0.227622,-0.114619,-0.113003,True
112171,2011 Bear,-0.259516,-0.195474,-0.064041,True
112171,2015-16 Correction,-0.238697,-0.180573,-0.058124,True
112171,2018-19 NBFC Crisis,-0.166667,-0.110963,-0.055703,True
112171,2020 COVID Crash,-0.334478,-0.255039,-0.079438,True
112171,2024-26 Sideways,-0.304146,-0.304146,0.0,False
112277,2011 Bear,-0.242424,-0.18393,-0.058494,True
112277,2015-16 Correction,-0.183064,-0.077887,-0.105178,True
112277,2018-19 NBFC Crisis,-0.140702,-0.073325,-0.067377,True
112277,2020 COVID Crash,-0.301814,-0.20616,-0.095653,True
112277,2024-26 Sideways,-0.160212,-0.071094,-0.089118,True
112323,2011 Bear,-0.169543,-0.153428,-0.016115,True
112323,2015-16 Correction,-0.177505,-0.125903,-0.051601,True
112323,2018-19 NBFC Crisis,-0.162927,-0.122586,-0.040341,True
112323,2020 COVID Crash,-0.335659,-0.260562,-0.075097,True
112323,2024-26 Sideways,-0.16738,-0.136869,-0.030511,True
112901,2011 Bear,-0.237048,-0.191355,-0.045693,True
112901,2015-16 Correction,-0.211145,-0.123875,-0.08727,True
112901,2018-19 NBFC Crisis,-0.16089,-0.140443,-0.020447,True
112901,2020 COVID Crash,-0.39417,-0.281024,-0.113146,True
112901,2024-26 Sideways,-0.16179,-0.06348,-0.09831,True
112932,2011 Bear,-0.202758,-0.202758,0.0,False
112932,2015-16 Correction,-0.167016,-0.089103,-0.077912,True
112932,2018-19 NBFC Crisis,-0.135404,-0.055465,-0.079939,True
112932,2020 COVID Crash,-0.369613,-0.217027,-0.152586,True
112932,2024-26 Sideways,-0.198543,-0.170077,-0.028466,True
113064,2011 Bear,-0.059963,-0.059963,0.0,False
113064,2015-16 Correction,-0.077627,-0.017008,-0.060619,True
113064,2018-19 NBFC Crisis,-0.120908,-0.030928,-0.08998,True
113064,2020 COVID Crash,-0.275112,-0.089608,-0.185504,True
113064,2024-26 Sideways,-0.12254,-0.021681,-0.100859,True
113099,2011 Bear,-0.275432,-0.275432,0.0,False
113099,2015-16 Correction,-0.260319,-0.260319,0.0,False
113099,2018-19 NBFC Crisis,-0.187506,-0.109842,-0.077664,True
113099,2020 COVID Crash,-0.343926,-0.343926,0.0,False
113099,2024-26 Sideways,-0.24592,-0.205023,-0.040896,True
113221,2011 Bear,-0.142991,-0.142991,0.0,False
113221,2015-16 Correction,-0.215082,-0.041768,-0.173314,True
113221,2018-19 NBFC Crisis,-0.135341,-0.105658,-0.029684,True
113221,2020 COVID Crash,-0.326559,-0.170485,-0.156074,True
113221,2024-26 Sideways,-0.152444,-0.028309,-0.124135,True
114476,2011 Bear,-0.236803,-0.236803,0.0,False
114476,2015-16 Correction,-0.281716,-0.193089,-0.088627,True
114476,2018-19 NBFC Crisis,-0.227871,-0.151687,-0.076184,True
114476,2020 COVID Crash,-0.43115,-0.389414,-0.041736,True
114476,2024-26 Sideways,-0.29309,-0.229844,-0.063245,True
114564,2011 Bear,-0.194853,-0.194853,0.0,False
114564,2015-16 Correction,-0.255327,-0.163086,-0.092241,True
114564,2018-19 NBFC Crisis,-0.153765,-0.149022,-0.004743,True
114564,2020 COVID Crash,-0.294434,-0.204328,-0.090106,True
114564,2024-26 Sideways,-0.198709,-0.166851,-0.031858,True
114931,2011 Bear,-0.109888,-0.109888,0.0,False
114931,2015-16 Correction,-0.206319,-0.03234,-0.173979,True
114931,2018-19 NBFC Crisis,-0.147805,-0.128322,-0.019483,True
114931,2020 COVID Crash,-0.356906,-0.207505,-0.149401,True
114931,2024-26 Sideways,-0.243166,-0.018845,-0.224321,True
116547,2011 Bear,,,,
116547,2015-16 Correction,-0.207309,-0.056593,-0.150716,True
116547,2018-19 NBFC Crisis,-0.135402,-0.110095,-0.025307,True
116547,2020 COVID Crash,-0.367615,-0.244501,-0.123114,True
116547,2024-26 Sideways,-0.195058,-0.164676,-0.030382,True
117549,2011 Bear,,,,
117549,2015-16 Correction,-0.323446,-0.289582,-0.033863,True
117549,2018-19 NBFC Crisis,-0.149709,-0.145615,-0.004094,True
117549,2020 COVID Crash,-0.428571,-0.342551,-0.086021,True
117549,2024-26 Sideways,-0.165757,-0.147626,-0.018131,True
117560,2011 Bear,,,,
117560,2015-16 Correction,-0.200319,-0.131049,-0.06927,True
117560,2018-19 NBFC Crisis,-0.169549,-0.140751,-0.028798,True
117560,2020 COVID Crash,-0.337817,-0.245871,-0.091946,True
117560,2024-26 Sideways,-0.192777,-0.144389,-0.048388,True
120576,2011 Bear,,,,
120576,2015-16 Correction,-0.137531,-0.100089,-0.037442,True
120576,2018-19 NBFC Crisis,-0.154408,-0.050561,-0.103846,True
120576,2020 COVID Crash,-0.349979,-0.20308,-0.146899,True
120576,2024-26 Sideways,-0.270618,-0.05603,-0.214588,True
120577,2011 Bear,,,,
120577,2015-16 Correction,-0.179483,-0.150423,-0.02906,True
120577,2018-19 NBFC Crisis,-0.120941,-0.079636,-0.041306,True
120577,2020 COVID Crash,-0.29967,-0.204529,-0.09514,True
120577,2024-26 Sideways,-0.24447,-0.24447,0.0,False
122387,2011 Bear,,,,
122387,2015-16 Correction,-0.211554,-0.153948,-0.057606,True
122387,2018-19 NBFC Crisis,-0.148404,-0.119828,-0.028576,True
122387,2020 COVID Crash,-0.346411,-0.241959,-0.104452,True
122387,2024-26 Sideways,-0.316261,-0.187815,-0.128446,True
122640,2011 Bear,,,,
122640,2015-16 Correction,-0.126033,-0.09277,-0.033263,True
122640,2018-19 NBFC Crisis,-0.116456,-0.050433,-0.066023,True
122640,2020 COVID Crash,-0.312609,-0.147702,-0.164907,True
122640,2024-26 Sideways,-0.112197,-0.081168,-0.031028,True
125305,2011 Bear,,,,
125305,2015-16 Correction,-0.238824,-0.143609,-0.095214,True
125305,2018-19 NBFC Crisis,-0.186874,-0.181966,-0.004908,True
125305,2020 COVID Crash,-0.357843,-0.281809,-0.076034,True
125305,2024-26 Sideways,-0.195726,-0.092912,-0.102815,True
125350,2011 Bear,,,,
125350,2015-16 Correction,-0.157692,-0.090328,-0.067364,True
125350,2018-19 NBFC Crisis,-0.137213,-0.049534,-0.08768,True
125350,2020 COVID Crash,-0.347814,-0.205248,-0.142566,True
125350,2024-26 Sideways,-0.197997,-0.158211,-0.039786,True
125494,2011 Bear,,,,
125494,2015-16 Correction,-0.176266,-0.084643,-0.091623,True
125494,2018-19 NBFC Crisis,-0.174265,-0.046044,-0.128221,True
125494,2020 COVID Crash,-0.339212,-0.189725,-0.149487,True
125494,2024-26 Sideways,-0.226871,-0.179303,-0.047568,True
125595,2011 Bear,,,,
125595,2015-16 Correction,-0.230812,-0.187648,-0.043164,True
125595,2018-19 NBFC Crisis,-0.203058,-0.155991,-0.047067,True
125595,2020 COVID Crash,-0.4741,-0.381278,-0.092821,True
125595,2024-26 Sideways,-0.165267,-0.113455,-0.051812,True
125713,2011 Bear,,,,
125713,2015-16 Correction,-0.155124,-0.096168,-0.058956,True
125713,2018-19 NBFC Crisis,-0.093894,-0.047246,-0.046648,True
125713,2020 COVID Crash,-0.258448,-0.099729,-0.158719,True
125713,2024-26 Sideways,-0.167855,-0.104812,-0.063043,True
126394,2011 Bear,,,,
126394,2015-16 Correction,-0.070177,-0.039678,-0.030499,True
126394,2018-19 NBFC Crisis,-0.013744,-0.005493,-0.00825,True
126394,2020 COVID Crash,-0.194219,-0.054826,-0.139393,True
126394,2024-26 Sideways,-0.057524,-0.044743,-0.01278,True
127039,2011 Bear,,,,
127039,2015-16 Correction,-0.185213,-0.123429,-0.061784,True
127039,2018-19 NBFC Crisis,-0.200479,-0.07182,-0.128659,True
127039,2020 COVID Crash,-0.372925,-0.237306,-0.135619,True
127039,2024-26 Sideways,-0.296434,-0.245673,-0.050761,True
127849,2011 Bear,,,,
127849,2015-16 Correction,-0.061122,-0.045531,-0.015591,True
127849,2018-19 NBFC Crisis,-0.050841,-0.031261,-0.01958,True
127849,2020 COVID Crash,-0.159874,-0.080445,-0.079428,True
127849,2024-26 Sideways,-0.131897,-0.073428,-0.058469,True
129048,2011 Bear,,,,
129048,2015-16 Correction,-0.193503,-0.12766,-0.065844,True
129048,2018-19 NBFC Crisis,-0.165099,-0.113415,-0.051685,True
129048,2020 COVID Crash,-0.371491,-0.286268,-0.085223,True
129048,2024-26 Sideways,-0.223959,-0.097679,-0.126279,True
129213,2011 Bear,,,,
129213,2015-16 Correction,-0.247052,-0.170846,-0.076206,True
129213,2018-19 NBFC Crisis,-0.174856,-0.133124,-0.041732,True
129213,2020 COVID Crash,-0.410176,-0.339344,-0.070833,True
129213,2024-26 Sideways,-0.228156,-0.158478,-0.069678,True
129647,2011 Bear,,,,
129647,2015-16 Correction,-0.234043,-0.192426,-0.041616,True
129647,2018-19 NBFC Crisis,-0.208467,-0.146971,-0.061496,True
129647,2020 COVID Crash,-0.376673,-0.284444,-0.092229,True
129647,2024-26 Sideways,-0.264318,-0.128855,-0.135463,True
131357,2011 Bear,,,,
131357,2015-16 Correction,-0.073448,-0.062848,-0.010599,True
131357,2018-19 NBFC Crisis,-0.078593,-0.049344,-0.029249,True
131357,2020 COVID Crash,-0.259714,-0.128503,-0.13121,True
131357,2024-26 Sideways,-0.085582,-0.017286,-0.068296,True
131578,2011 Bear,,,,
131578,2015-16 Correction,-0.197513,-0.169647,-0.027866,True
131578,2018-19 NBFC Crisis,-0.190308,-0.122025,-0.068283,True
131578,2020 COVID Crash,-0.366487,-0.247427,-0.11906,True
131578,2024-26 Sideways,-0.177315,-0.083119,-0.094196,True
131666,2011 Bear,,,,
131666,2015-16 Correction,-0.128172,-0.108156,-0.020016,True
131666,2018-19 NBFC Crisis,-0.043277,-0.035489,-0.007788,True
131666,2020 COVID Crash,-0.26481,-0.134812,-0.129997,True
131666,2024-26 Sideways,-0.091378,-0.071256,-0.020121,True
132757,2011 Bear,,,,
132757,2015-16 Correction,-0.166724,-0.140539,-0.026185,True
132757,2018-19 NBFC Crisis,-0.157982,-0.072115,-0.085867,True
132757,2020 COVID Crash,-0.368807,-0.240154,-0.128653,True
132757,2024-26 Sideways,-0.189011,-0.119622,-0.06939,True
133036,2011 Bear,,,,
133036,2015-16 Correction,-0.150776,-0.150776,0.0,False
133036,2018-19 NBFC Crisis,-0.12718,-0.076682,-0.050497,True
133036,2020 COVID Crash,-0.322619,-0.171205,-0.151414,True
133036,2024-26 Sideways,-0.150543,-0.025936,-0.124607,True
133385,2011 Bear,,,,
133385,2015-16 Correction,-0.181638,-0.181638,0.0,False
133385,2018-19 NBFC Crisis,-0.157756,-0.090806,-0.06695,True
133385,2020 COVID Crash,-0.378219,-0.255944,-0.122275,True
133385,2024-26 Sideways,-0.278876,-0.255709,-0.023167,True
133513,2011 Bear,,,,
133513,2015-16 Correction,-0.19137,-0.19137,0.0,False
133513,2018-19 NBFC Crisis,-0.167358,-0.067141,-0.100217,True
133513,2020 COVID Crash,-0.312593,-0.195725,-0.116868,True
133513,2024-26 Sideways,-0.233295,-0.174645,-0.058651,True
133711,2011 Bear,,,,
133711,2015-16 Correction,-0.224248,-0.224248,0.0,False
133711,2018-19 NBFC Crisis,-0.15645,-0.108915,-0.047535,True
133711,2020 COVID Crash,-0.340399,-0.220659,-0.11974,True
133711,2024-26 Sideways,-0.19155,-0.151744,-0.039806,True
133836,2011 Bear,,,,
133836,2015-16 Correction,-0.212569,-0.212569,0.0,False
133836,2018-19 NBFC Crisis,-0.147361,-0.093207,-0.054154,True
133836,2020 COVID Crash,-0.365253,-0.218922,-0.146331,True
133836,2024-26 Sideways,-0.177684,-0.132287,-0.045397,True
133858,2011 Bear,,,,
133858,2015-16 Correction,-0.212258,-0.212258,0.0,False
133858,2018-19 NBFC Crisis,-0.168915,-0.118189,-0.050725,True
133858,2020 COVID Crash,-0.438532,-0.318769,-0.119763,True
133858,2024-26 Sideways,-0.161702,-0.092184,-0.069518,True
134016,2011 Bear,,,,
134016,2015-16 Correction,-0.333808,-0.333808,0.0,False
134016,2018-19 NBFC Crisis,-0.201205,-0.162132,-0.039073,True
134016,2020 COVID Crash,-0.435688,-0.319213,-0.116475,True
134016,2024-26 Sideways,-0.165528,-0.146788,-0.01874,True
134815,2011 Bear,,,,
134815,2015-16 Correction,-0.1236,-0.1236,0.0,False
134815,2018-19 NBFC Crisis,-0.091824,-0.060432,-0.031392,True
134815,2020 COVID Crash,-0.291753,-0.124587,-0.167166,True
134815,2024-26 Sideways,-0.135781,-0.024028,-0.111754,True
135343,2011 Bear,,,,
135343,2015-16 Correction,-0.183399,-0.183399,0.0,False
135343,2018-19 NBFC Crisis,-0.153307,-0.063639,-0.089667,True
135343,2020 COVID Crash,-0.357286,-0.233633,-0.123653,True
135343,2024-26 Sideways,-0.170305,-0.142238,-0.028068,True
135598,2011 Bear,,,,
135598,2015-16 Correction,-0.128031,-0.128031,0.0,False
135598,2018-19 NBFC Crisis,-0.138756,-0.091088,-0.047668,True
135598,2020 COVID Crash,-0.3687,-0.231512,-0.137188,True
135598,2024-26 Sideways,-0.178878,-0.119436,-0.059442,True
135655,2011 Bear,,,,
135655,2015-16 Correction,-0.101444,-0.101444,0.0,False
135655,2018-19 NBFC Crisis,-0.129703,-0.086753,-0.04295,True
135655,2020 COVID Crash,-0.378677,-0.234494,-0.144182,True
135655,2024-26 Sideways,-0.190995,-0.15246,-0.038536,True
135678,2011 Bear,,,,
135678,2015-16 Correction,-0.119287,-0.119287,0.0,False
135678,2018-19 NBFC Crisis,-0.144226,-0.096828,-0.047398,True
135678,2020 COVID Crash,-0.385542,-0.232635,-0.152907,True
135678,2024-26 Sideways,-0.194649,-0.122259,-0.07239,True
135784,2011 Bear,,,,
135784,2015-16 Correction,-0.131613,-0.131613,0.0,False
135784,2018-19 NBFC Crisis,-0.123896,-0.086635,-0.037261,True
135784,2020 COVID Crash,-0.379708,-0.235742,-0.143966,True
135784,2024-26 Sideways,-0.174515,-0.030317,-0.144197,True
135794,2011 Bear,,,,
135794,2015-16 Correction,-0.127913,-0.127913,0.0,False
135794,2018-19 NBFC Crisis,-0.162033,-0.136744,-0.025289,True
135794,2020 COVID Crash,-0.417405,-0.296489,-0.120916,True
135794,2024-26 Sideways,-0.165993,-0.125212,-0.040782,True
135797,2011 Bear,,,,
135797,2015-16 Correction,-0.073311,-0.073311,0.0,False
135797,2018-19 NBFC Crisis,-0.154008,-0.133488,-0.02052,True
135797,2020 COVID Crash,-0.31796,-0.246186,-0.071773,True
135797,2024-26 Sideways,-0.343368,-0.257602,-0.085766,True
135804,2011 Bear,,,,
135804,2015-16 Correction,-0.12309,-0.12309,0.0,False
135804,2018-19 NBFC Crisis,-0.176696,-0.111188,-0.065508,True
135804,2020 COVID Crash,-0.312148,-0.183352,-0.128795,True
135804,2024-26 Sideways,-0.219488,-0.183845,-0.035643,True
135812,2011 Bear,,,,
135812,2015-16 Correction,-0.089358,-0.089358,0.0,False
135812,2018-19 NBFC Crisis,-0.146859,-0.146859,0.0,False
135812,2020 COVID Crash,-0.186194,-0.180675,-0.005519,True
135812,2024-26 Sideways,-0.169937,-0.165273,-0.004663,True
135815,2011 Bear,,,,
135815,2015-16 Correction,-0.068157,-0.068157,0.0,False
135815,2018-19 NBFC Crisis,-0.149864,-0.106005,-0.043859,True
135815,2020 COVID Crash,-0.32365,-0.190632,-0.133018,True
135815,2024-26 Sideways,-0.20636,-0.181021,-0.025339,True
140172,2011 Bear,,,,
140172,2015-16 Correction,,,,
140172,2018-19 NBFC Crisis,-0.147941,-0.142154,-0.005787,True
140172,2020 COVID Crash,-0.350093,-0.239324,-0.110768,True
140172,2024-26 Sideways,-0.187568,-0.130339,-0.057229,True
140225,2011 Bear,,,,
140225,2015-16 Correction,,,,
140225,2018-19 NBFC Crisis,-0.16478,-0.161516,-0.003263,True
140225,2020 COVID Crash,-0.369612,-0.258411,-0.1112,True
140225,2024-26 Sideways,-0.20277,-0.147362,-0.055408,True
140355,2011 Bear,,,,
140355,2015-16 Correction,,,,
140355,2018-19 NBFC Crisis,-0.137623,-0.132356,-0.005268,True
140355,2020 COVID Crash,-0.362272,-0.247304,-0.114969,True
140355,2024-26 Sideways,-0.195504,-0.138333,-0.057171,True
141068,2011 Bear,,,,
141068,2015-16 Correction,,,,
141068,2018-19 NBFC Crisis,-0.097543,-0.093165,-0.004379,True
141068,2020 COVID Crash,-0.37239,-0.32442,-0.047969,True
141068,2024-26 Sideways,-0.171538,-0.079958,-0.09158,True
141070,2011 Bear,,,,
141070,2015-16 Correction,,,,
141070,2018-19 NBFC Crisis,-0.101209,-0.096588,-0.004621,True
141070,2020 COVID Crash,-0.366642,-0.319328,-0.047314,True
141070,2024-26 Sideways,-0.170255,-0.079008,-0.091247,True
151037,2011 Bear,-0.372354,-0.372354,0.0,False
151037,2015-16 Correction,-0.248927,-0.189382,-0.059545,True
151037,2018-19 NBFC Crisis,-0.193103,-0.109997,-0.083107,True
151037,2020 COVID Crash,-0.417174,-0.346637,-0.070537,True
151037,2024-26 Sideways,-0.256729,-0.179025,-0.077704,True
151076,2011 Bear,,,,
151076,2015-16 Correction,-0.196386,-0.110485,-0.085902,True
151076,2018-19 NBFC Crisis,-0.153279,-0.096191,-0.057088,True
151076,2020 COVID Crash,-0.375548,-0.303207,-0.072341,True
151076,2024-26 Sideways,-0.193379,-0.099518,-0.09386,True
151110,2011 Bear,,,,
151110,2015-16 Correction,-0.197848,-0.119058,-0.07879,True
151110,2018-19 NBFC Crisis,-0.152387,-0.102256,-0.050132,True
151110,2020 COVID Crash,-0.397587,-0.323142,-0.074445,True
151110,2024-26 Sideways,-0.1993,-0.123609,-0.07569,True
151120,2011 Bear,,,,
151120,2015-16 Correction,-0.125197,-0.069931,-0.055265,True
151120,2018-19 NBFC Crisis,-0.107087,-0.036224,-0.070863,True
151120,2020 COVID Crash,-0.30096,-0.150517,-0.150443,True
151120,2024-26 Sideways,-0.197564,-0.114695,-0.082869,True
151127,2011 Bear,,,,
151127,2015-16 Correction,-0.138239,-0.086429,-0.051809,True
151127,2018-19 NBFC Crisis,-0.043274,-0.019736,-0.023538,True
151127,2020 COVID Crash,-0.193111,-0.050463,-0.142648,True
151127,2024-26 Sideways,-0.089419,-0.07122,-0.018198,True
151133,2011 Bear,,,,
151133,2015-16 Correction,-0.204073,-0.174318,-0.029754,True
151133,2018-19 NBFC Crisis,-0.178955,-0.178955,0.0,False
151133,2020 COVID Crash,-0.428236,-0.306632,-0.121604,True
151133,2024-26 Sideways,-0.273301,-0.273301,-0.0,True
151144,2011 Bear,,,,
151144,2015-16 Correction,-0.246629,-0.218985,-0.027644,True
151144,2018-19 NBFC Crisis,-0.163033,-0.107868,-0.055165,True
151144,2020 COVID Crash,-0.401758,-0.273976,-0.127782,True
151144,2024-26 Sideways,-0.236017,-0.200811,-0.035206,True
