scheme_code,sim_start_date,sim_end_date,years,bnh_cagr,bnh_max_dd,v1_cagr,v1_max_dd,v1_score,v1_edge_cagr,v1_edge_dd,v2a_strategy,v2a_gating,v2a_trim,v2a_cagr,v2a_max_dd,v2a_score,v2a_num_sells,v2a_regime_days,v2a_regime_pct,v2a_edge_cagr,v2a_edge_dd,v2b_strategy,v2b_gating,v2b_trim,v2b_cagr,v2b_max_dd,v2b_score,v2b_num_sells,v2b_regime_days,v2b_regime_pct,v2b_edge_cagr,v2b_edge_dd,min_bar_passed,target_bar_passed
100033,2010-01-05,2026-04-08,16.25,0.11322,-0.396009,0.103071,-0.324172,-0.059015,-0.010149,0.071837,Drawdown,C,0.2,0.140182,-0.310277,-0.014957,21,978,0.2443,0.026962,0.085732,Volatility,C,0.1,0.108543,-0.324172,-0.053543,13,1827,0.4563,-0.004677,0.071837,True,True
100064,2010-01-05,2026-04-08,16.25,0.130777,-0.324691,0.092115,-0.219908,-0.017839,-0.038662,0.104783,Drawdown,C,0.1,0.111172,-0.192484,0.01493,19,904,0.2258,-0.019605,0.132206,Drawdown,C,0.1,0.112626,-0.193238,0.016006,19,1742,0.4351,-0.018151,0.131452,True,True
100081,2010-01-05,2026-04-02,16.24,0.109852,-0.288671,0.103697,-0.208119,-0.000363,-0.006155,0.080552,Drawdown,D,0.2,0.108157,-0.176993,0.01966,14,897,0.224,-0.001695,0.111678,Drawdown,C,0.1,0.107621,-0.176268,0.019487,27,1372,0.3426,-0.002231,0.112403,True,True
100175,2010-01-06,2026-04-08,16.25,0.133885,-0.468731,0.130313,-0.45546,-0.097417,-0.003572,0.013271,Drawdown,C,0.2,0.14519,-0.442904,-0.076262,20,908,0.2264,0.011305,0.025827,Drawdown,C,0.2,0.141538,-0.444944,-0.080934,21,1720,0.4288,0.007652,0.023786,True,True
100177,2010-01-06,2026-04-08,16.25,0.147842,-0.520604,0.144928,-0.497151,-0.103647,-0.002914,0.023453,Drawdown,C,0.2,0.166876,-0.385757,-0.026002,24,829,0.2069,0.019034,0.134847,Drawdown,D,0.2,0.142491,-0.413479,-0.064248,9,1527,0.3811,-0.005351,0.107125,True,True
100219,2010-01-05,2026-04-08,16.25,0.090281,-0.35791,0.092294,-0.35791,-0.086661,0.002013,0.0,Drawdown,D,0.2,0.098134,-0.32958,-0.066656,9,911,0.2272,0.007854,0.02833,Drawdown,C,0.2,0.094075,-0.329236,-0.070543,8,1439,0.3589,0.003794,0.028674,True,True
100221,2010-01-05,2026-04-02,16.24,0.103141,-0.370225,0.086755,-0.297321,-0.061905,-0.016386,0.072904,Drawdown,C,0.2,0.090886,-0.1978,-0.008014,20,905,0.2258,-0.012256,0.172425,Drawdown,D,0.2,0.094734,-0.297321,-0.053926,8,1453,0.3625,-0.008407,0.072904,True,True
100254,2010-01-05,2026-04-08,16.25,0.096247,-0.518255,0.099774,-0.518255,-0.159353,0.003527,-0.0,Drawdown,A,0.2,0.107811,-0.518255,-0.151316,15,972,0.2427,0.011564,0.0,Drawdown,A,0.2,0.105252,-0.518255,-0.153875,11,1914,0.4779,0.009006,0.0,True,True
100313,2010-01-05,2026-04-08,16.25,0.083472,-0.342744,0.077061,-0.305625,-0.075752,-0.006411,0.037119,Drawdown,D,0.2,0.088102,-0.27809,-0.050943,9,968,0.243,0.004629,0.064654,Drawdown,C,0.2,0.092658,-0.276606,-0.045645,20,1736,0.4357,0.009185,0.066138,True,True
100323,2010-01-05,2026-04-02,16.24,0.076079,-0.282468,0.076348,-0.233655,-0.04048,0.000269,0.048813,Drawdown,A,0.2,0.081814,-0.187816,-0.012094,15,926,0.2327,0.005736,0.094652,Drawdown,A,0.2,0.084062,-0.189777,-0.010826,16,1426,0.3583,0.007984,0.092691,True,True
100414,2010-01-05,2026-04-02,16.24,0.108853,-0.289681,0.09593,-0.203212,-0.005676,-0.012923,0.086469,Drawdown,A,0.2,0.093094,-0.137419,0.024384,20,882,0.2204,-0.01576,0.152262,Drawdown,D,0.2,0.093776,-0.172652,0.00745,15,1278,0.3193,-0.015077,0.117029,True,True
100415,2010-01-05,2026-04-08,16.25,0.116404,-0.295788,0.098275,-0.218088,-0.010769,-0.018129,0.0777,Drawdown,C,0.1,0.121329,-0.174444,0.034107,26,950,0.2372,0.004924,0.121344,Drawdown,A,0.2,0.117368,-0.179803,0.027467,18,1668,0.4165,0.000964,0.115984,True,True
100475,2010-01-05,2026-04-08,16.25,0.108964,-0.376225,0.101768,-0.280691,-0.038578,-0.007196,0.095534,Drawdown,D,0.2,0.103548,-0.261509,-0.027206,13,967,0.2414,-0.005416,0.114716,Drawdown,C,0.1,0.099604,-0.255442,-0.028116,29,1541,0.3848,-0.00936,0.120783,True,True
100476,2010-01-05,2026-04-08,16.25,0.093215,-0.411346,0.094008,-0.268511,-0.040247,0.000793,0.142835,Volatility,C,0.2,0.102232,-0.272142,-0.033839,5,978,0.2441,0.009016,0.139204,Volatility,C,0.2,0.102979,-0.253689,-0.023865,11,1875,0.4679,0.009764,0.157657,True,True
100477,2010-01-05,2026-04-08,16.25,0.131553,-0.39314,0.124085,-0.365005,-0.058417,-0.007468,0.028135,Drawdown,C,0.2,0.156203,-0.36651,-0.027052,20,981,0.2448,0.02465,0.02663,Drawdown,A,0.2,0.154999,-0.370445,-0.030224,19,1778,0.4437,0.023446,0.022695,True,True
100480,2010-01-05,2026-04-08,16.25,0.107474,-0.351042,0.106361,-0.298848,-0.043063,-0.001113,0.052194,Drawdown,C,0.1,0.113001,-0.289323,-0.031661,11,965,0.2408,0.005527,0.061719,Drawdown,C,0.2,0.111635,-0.267147,-0.021938,15,1570,0.3918,0.004161,0.083896,True,True
100631,2010-01-06,2026-04-08,16.25,0.139576,-0.414397,0.141043,-0.371118,-0.044516,0.001467,0.043279,Volatility,A,0.2,0.141735,-0.366424,-0.041477,1,901,0.2246,0.002159,0.047974,Volatility,A,0.2,0.14637,-0.366424,-0.036841,6,1692,0.4218,0.006794,0.047974,True,True
100651,2010-01-05,2026-04-08,16.25,0.108238,-0.34709,0.097443,-0.249791,-0.027452,-0.010795,0.097299,Drawdown,A,0.2,0.125871,-0.250749,0.000497,16,977,0.2439,0.017633,0.096341,Drawdown,A,0.2,0.123035,-0.241646,0.002212,19,1621,0.4047,0.014797,0.105444,True,True
100664,2010-01-05,2026-04-08,16.25,0.122154,-0.421501,0.104067,-0.225601,-0.008734,-0.018087,0.1959,Volatility,A,0.2,0.116061,-0.290281,-0.02908,5,985,0.2459,-0.006093,0.13122,Volatility,A,0.2,0.120573,-0.261647,-0.010251,7,1604,0.4005,-0.001581,0.159854,True,True
100684,2010-01-05,2026-04-02,16.24,0.107027,-0.334637,0.094378,-0.228989,-0.020116,-0.012649,0.105648,Drawdown,A,0.2,0.09944,-0.19365,0.002615,15,885,0.2211,-0.007586,0.140987,Drawdown,A,0.2,0.098491,-0.191828,0.002577,15,1281,0.3201,-0.008535,0.142809,True,True
100740,2010-01-05,2026-04-08,16.25,0.13269,-0.324941,0.123056,-0.307827,-0.030857,-0.009634,0.017114,Drawdown,D,0.2,0.110732,-0.153872,0.033796,14,876,0.2187,-0.021958,0.171069,Drawdown,A,0.2,0.101265,-0.166773,0.017878,23,1482,0.37,-0.031425,0.158168,True,True
100795,2010-01-05,2026-04-08,16.25,0.133712,-0.578581,0.12806,-0.406058,-0.074969,-0.005652,0.172523,Drawdown,C,0.1,0.152073,-0.501912,-0.098883,22,970,0.2421,0.018361,0.076669,Drawdown,C,0.2,0.153136,-0.524243,-0.108985,27,1888,0.4713,0.019424,0.054339,True,True
100807,2010-01-05,2026-04-08,16.25,0.144464,-0.304903,0.13526,-0.242827,0.013847,-0.009204,0.062076,Drawdown,A,0.1,0.136618,-0.237638,0.017799,17,814,0.2032,-0.007846,0.067266,Volatility,C,0.1,0.129213,-0.218647,0.01989,14,1615,0.4032,-0.015251,0.086257,True,True
100821,2010-01-05,2026-04-08,16.25,0.107048,-0.351309,0.094262,-0.277753,-0.044614,-0.012786,0.073556,Drawdown,C,0.2,0.124435,-0.24455,0.00216,23,976,0.2437,0.017387,0.106759,Drawdown,C,0.2,0.11976,-0.244807,-0.002643,25,1714,0.428,0.012713,0.106502,True,True
100865,2010-01-05,2026-04-08,16.25,0.104839,-0.357837,0.088425,-0.296597,-0.059874,-0.016414,0.06124,Drawdown,C,0.2,0.122803,-0.26939,-0.011892,22,979,0.2457,0.017964,0.088446,Drawdown,C,0.2,0.116527,-0.268256,-0.017601,24,1634,0.4101,0.011689,0.089581,True,True
101065,2010-01-06,2026-04-08,16.25,0.133225,-0.344855,0.122997,-0.304393,-0.029199,-0.010228,0.040462,Drawdown,A,0.2,0.135815,-0.234578,0.018526,9,797,0.1987,0.00259,0.110277,Trend,E,0.05,0.138667,-0.344855,-0.033761,19,1376,0.3431,0.005442,0.0,True,True
101070,2010-01-06,2026-04-02,16.24,0.123053,-0.292001,0.12404,-0.288917,-0.020418,0.000987,0.003084,Drawdown,C,0.2,0.122478,-0.229028,0.007964,9,885,0.2208,-0.000575,0.062973,Volatility,C,0.2,0.126299,-0.265096,-0.006249,8,1530,0.3817,0.003245,0.026905,True,True
101072,2010-01-06,2026-04-02,16.24,0.133247,-0.447723,0.142947,-0.35825,-0.036178,0.0097,0.089473,Drawdown,A,0.2,0.13954,-0.394813,-0.057866,14,532,0.1329,0.006293,0.05291,Drawdown,C,0.2,0.132787,-0.394813,-0.064619,21,766,0.1914,-0.00046,0.05291,True,True
101209,2010-01-05,2026-04-08,16.25,0.085372,-0.351507,0.081178,-0.265207,-0.051426,-0.004194,0.0863,Volatility,C,0.2,0.089494,-0.275464,-0.048239,4,982,0.2451,0.004121,0.076042,Volatility,A,0.2,0.089023,-0.265207,-0.043581,10,1862,0.4647,0.003651,0.086299,True,True
101539,2010-01-05,2026-04-08,16.25,0.151403,-0.452509,0.109657,-0.243655,-0.01217,-0.041746,0.208854,Drawdown,A,0.1,0.164704,-0.371641,-0.021117,19,981,0.2449,0.013301,0.080867,Volatility,C,0.2,0.128441,-0.324737,-0.033927,11,1720,0.4294,-0.022961,0.127772,True,True
101594,2010-01-05,2026-04-08,16.25,0.102451,-0.361567,0.096848,-0.271828,-0.039066,-0.005603,0.089739,Drawdown,C,0.1,0.113763,-0.265805,-0.019139,18,977,0.2439,0.011312,0.095762,Drawdown,C,0.1,0.113796,-0.269902,-0.021155,19,1651,0.4122,0.011345,0.091665,True,True
101635,2010-01-05,2026-04-08,16.25,0.102808,-0.403882,0.094378,-0.323202,-0.067223,-0.00843,0.08068,Drawdown,A,0.2,0.102233,-0.314089,-0.054811,15,968,0.2416,-0.000575,0.089793,Drawdown,A,0.2,0.103275,-0.283114,-0.038282,19,1549,0.3866,0.000467,0.120768,True,True
101672,2010-01-05,2026-04-08,16.25,0.134155,-0.393448,0.120397,-0.306861,-0.033034,-0.013758,0.086587,Drawdown,A,0.1,0.138336,-0.319244,-0.021286,11,963,0.2404,0.004181,0.074204,Drawdown,C,0.1,0.140046,-0.317835,-0.018871,12,1677,0.4187,0.005892,0.075613,True,True
101766,2010-01-05,2026-04-08,16.25,0.102905,-0.465108,0.108728,-0.41494,-0.098742,0.005823,0.050168,Volatility,C,0.2,0.105622,-0.414688,-0.101722,7,981,0.2449,0.002717,0.05042,Volatility,C,0.1,0.108055,-0.409565,-0.096727,12,2007,0.5011,0.00515,0.055543,True,True
101824,2010-01-05,2026-04-08,16.25,0.115373,-0.358004,0.09932,-0.292505,-0.046932,-0.016053,0.065499,Drawdown,C,0.1,0.107941,-0.258079,-0.021098,28,959,0.2395,-0.007432,0.099926,Drawdown,D,0.2,0.104895,-0.25373,-0.021969,15,1519,0.3793,-0.010478,0.104275,True,True
101853,2010-01-05,2026-04-08,16.25,0.102368,-0.418963,0.081869,-0.325845,-0.081053,-0.020499,0.093118,Drawdown,A,0.1,0.108005,-0.345524,-0.064757,12,981,0.2449,0.005638,0.073438,Volatility,A,0.2,0.096942,-0.331876,-0.068996,6,1570,0.3919,-0.005426,0.087087,True,True
101922,2010-01-05,2026-04-08,16.25,0.124971,-0.333157,0.108687,-0.200639,0.008368,-0.016284,0.132518,Drawdown,A,0.2,0.132825,-0.216842,0.024404,17,958,0.2393,0.007855,0.116315,Drawdown,C,0.2,0.133707,-0.216049,0.025683,25,1492,0.3727,0.008737,0.117108,True,True
102000,2010-01-05,2026-04-08,16.25,0.116718,-0.410413,0.121485,-0.288141,-0.022586,0.004767,0.122272,Volatility,A,0.2,0.120589,-0.32653,-0.042676,6,960,0.2397,0.003871,0.083883,Volatility,C,0.2,0.126727,-0.288141,-0.017344,11,1689,0.4217,0.010008,0.122271,True,True
102020,2010-01-05,2026-04-08,16.25,0.109129,-0.350849,0.105125,-0.335924,-0.062837,-0.004004,0.014925,Drawdown,A,0.2,0.121362,-0.307191,-0.032233,12,987,0.2464,0.012234,0.043658,Drawdown,D,0.2,0.120086,-0.304586,-0.032208,11,1774,0.4429,0.010957,0.046263,True,True
102142,2010-01-05,2026-04-08,16.25,0.119082,-0.359772,0.104918,-0.294444,-0.042304,-0.014164,0.065328,Drawdown,C,0.1,0.118257,-0.256749,-0.010117,25,949,0.2369,-0.000825,0.103023,Drawdown,C,0.1,0.114572,-0.26801,-0.019433,23,1733,0.4326,-0.00451,0.091762,True,True
102252,2010-01-05,2026-04-08,16.25,0.121204,-0.409555,0.093775,-0.256612,-0.034531,-0.027429,0.152943,Drawdown,C,0.2,0.140899,-0.336098,-0.02715,20,978,0.2442,0.019695,0.073457,Volatility,C,0.2,0.111701,-0.26918,-0.022889,9,1672,0.4175,-0.009503,0.140375,True,True
102328,2010-01-05,2026-04-08,16.25,0.156976,-0.354288,0.137032,-0.289018,-0.007477,-0.019944,0.06527,Drawdown,A,0.2,0.16576,-0.310355,0.010583,22,955,0.2385,0.008784,0.043933,Volatility,C,0.2,0.131219,-0.241395,0.010521,9,1559,0.3893,-0.025757,0.112893,True,True
102401,2010-01-05,2026-04-08,16.25,0.112493,-0.493553,0.116079,-0.413553,-0.090697,0.003586,0.08,Drawdown,A,0.2,0.126621,-0.456121,-0.101439,17,963,0.2404,0.014128,0.037433,Volatility,D,0.2,0.120465,-0.41676,-0.087915,6,1804,0.4504,0.007971,0.076794,True,True
102414,2010-01-05,2026-04-08,16.25,0.122464,-0.45546,0.107064,-0.342482,-0.064178,-0.0154,0.112978,Volatility,C,0.2,0.125409,-0.342482,-0.045832,8,951,0.2381,0.002945,0.112978,Volatility,A,0.1,0.121524,-0.342482,-0.049718,12,1661,0.4159,-0.000941,0.112978,True,True
102434,2010-01-05,2026-04-08,16.25,0.128751,-0.476191,0.131455,-0.367815,-0.052453,0.002704,0.108376,Volatility,C,0.2,0.1382,-0.388928,-0.056264,7,966,0.2411,0.00945,0.087263,Volatility,C,0.2,0.128621,-0.328173,-0.035466,11,1946,0.4857,-0.00013,0.148018,True,True
102756,2010-01-05,2026-04-08,16.25,0.157551,-0.32796,0.142935,-0.262956,0.011457,-0.014616,0.065004,Drawdown,D,0.1,0.156203,-0.241738,0.035334,18,880,0.2203,-0.001347,0.086222,Drawdown,A,0.1,0.161305,-0.253563,0.034524,18,1503,0.3763,0.003755,0.074397,True,True
102823,2010-01-05,2026-04-08,16.25,0.163102,-0.340008,0.160949,-0.338129,-0.008116,-0.002153,0.001879,Momentum,A,0.2,0.161347,-0.308332,0.007181,4,745,0.1865,-0.001755,0.031676,Momentum,C,0.1,0.159139,-0.308332,0.004973,9,1431,0.3582,-0.003963,0.031676,True,True
102885,2010-01-05,2026-04-02,16.24,0.116361,-0.275336,0.114358,-0.272915,-0.0221,-0.002003,0.002421,Drawdown,D,0.2,0.104487,-0.212508,-0.001767,14,817,0.2047,-0.011874,0.062828,Drawdown,D,0.2,0.10377,-0.214896,-0.003678,13,1143,0.2863,-0.012591,0.060441,True,True
102920,2010-01-05,2026-04-08,16.25,0.168663,-0.362635,0.158337,-0.32384,-0.003583,-0.010326,0.038795,Drawdown,D,0.2,0.174143,-0.27394,0.037173,15,929,0.232,0.00548,0.088696,Drawdown,D,0.2,0.174957,-0.283566,0.033174,14,1606,0.401,0.006294,0.079069,True,True
102941,2010-01-05,2026-04-08,16.25,0.151837,-0.44249,0.12866,-0.326837,-0.034758,-0.023177,0.115653,Drawdown,D,0.2,0.144545,-0.294767,-0.002839,13,925,0.2315,-0.007292,0.147723,Volatility,D,0.2,0.128971,-0.326837,-0.034447,8,1677,0.4197,-0.022866,0.115654,True,True
103024,2010-01-05,2026-04-08,16.25,0.137547,-0.364694,0.126252,-0.33687,-0.042183,-0.011295,0.027824,Drawdown,C,0.1,0.130923,-0.301552,-0.019853,16,945,0.2366,-0.006624,0.063141,Drawdown,A,0.1,0.129939,-0.300968,-0.020545,14,1472,0.3686,-0.007608,0.063725,True,True
103034,2010-01-05,2026-04-08,16.25,0.126613,-0.287038,0.127757,-0.287038,-0.015761,0.001144,-0.0,Drawdown,D,0.2,0.126403,-0.184273,0.034266,11,896,0.2243,-0.000211,0.102765,Drawdown,C,0.1,0.131654,-0.192472,0.035418,22,1585,0.3967,0.005041,0.094566,True,True
103040,2010-01-05,2026-04-08,16.25,0.130185,-0.380099,0.123948,-0.310217,-0.03116,-0.006237,0.069882,Drawdown,A,0.2,0.125394,-0.276643,-0.012928,18,946,0.2363,-0.004791,0.103457,Drawdown,C,0.2,0.124591,-0.274433,-0.012625,22,1378,0.3442,-0.005594,0.105667,True,True
103098,2010-01-05,2026-04-08,16.25,0.122786,-0.367294,0.110474,-0.288305,-0.033679,-0.012312,0.078989,Drawdown,C,0.2,0.11844,-0.267275,-0.015197,15,962,0.2403,-0.004346,0.100019,Drawdown,C,0.2,0.11703,-0.245834,-0.005887,15,1507,0.3764,-0.005756,0.12146,True,True
103145,2010-01-05,2026-04-08,16.25,0.097862,-0.476279,0.095229,-0.409736,-0.109639,-0.002633,0.066543,Volatility,A,0.2,0.100507,-0.387268,-0.093127,5,965,0.2415,0.002645,0.089011,Volatility,C,0.2,0.103558,-0.387268,-0.090076,5,1908,0.4775,0.005696,0.089011,True,True
103155,2010-01-05,2026-04-02,16.24,0.107371,-0.320567,0.078989,-0.187063,-0.014543,-0.028382,0.133504,Drawdown,C,0.2,0.094059,-0.154102,0.017008,22,891,0.2226,-0.013312,0.166465,Drawdown,C,0.2,0.097769,-0.187063,0.004237,19,1352,0.3378,-0.009602,0.133504,True,True
103166,2010-01-05,2026-04-08,16.25,0.127243,-0.386374,0.12184,-0.344527,-0.050423,-0.005403,0.041847,Drawdown,D,0.2,0.136446,-0.324608,-0.025858,12,969,0.242,0.009203,0.061767,Drawdown,C,0.2,0.133224,-0.31455,-0.024051,22,1602,0.4001,0.005981,0.071824,True,True
103168,2010-01-05,2026-04-08,16.25,0.132981,-0.345706,0.126697,-0.292077,-0.019342,-0.006284,0.053629,Drawdown,A,0.2,0.134759,-0.267633,0.000942,19,828,0.2068,0.001777,0.078073,Drawdown,A,0.2,0.132808,-0.267192,-0.000788,19,1650,0.4122,-0.000174,0.078514,True,True
103215,2010-01-05,2026-04-08,16.25,0.114767,-0.358995,0.114655,-0.358995,-0.064842,-0.000112,-0.0,Drawdown,C,0.2,0.119543,-0.31884,-0.039877,18,925,0.2316,0.004777,0.040155,Drawdown,D,0.2,0.120374,-0.316548,-0.0379,12,1482,0.3711,0.005607,0.042447,True,True
103234,2010-01-05,2026-04-08,16.25,0.135663,-0.36145,0.124014,-0.288006,-0.019989,-0.011649,0.073444,Drawdown,A,0.2,0.150642,-0.253717,0.023784,21,960,0.2398,0.01498,0.107733,Drawdown,A,0.2,0.14731,-0.25634,0.01914,23,1528,0.3816,0.011647,0.105111,True,True
103390,2010-01-05,2026-04-08,16.25,0.133462,-0.452193,0.131156,-0.321476,-0.029582,-0.002306,0.130717,Volatility,A,0.2,0.136534,-0.392479,-0.059705,5,969,0.2419,0.003072,0.059714,Volatility,C,0.2,0.140509,-0.355867,-0.037424,7,1922,0.4799,0.007047,0.096326,True,True
103408,2010-01-05,2026-04-02,16.24,0.106916,-0.17633,0.080827,-0.075911,0.042871,-0.026089,0.100419,Drawdown,C,0.1,0.101969,-0.074381,0.064778,15,354,0.0901,-0.004948,0.101949,Drawdown,A,0.1,0.099976,-0.074381,0.062786,16,636,0.1619,-0.00694,0.101949,True,True
103504,2010-01-05,2026-04-08,16.25,0.12009,-0.371655,0.111961,-0.294308,-0.035193,-0.008129,0.077347,Drawdown,D,0.2,0.108215,-0.258055,-0.020812,13,934,0.2337,-0.011874,0.1136,Drawdown,C,0.1,0.115355,-0.274262,-0.021776,15,1355,0.3391,-0.004735,0.097394,True,True
103819,2010-01-05,2026-04-08,16.25,0.135809,-0.368407,0.118529,-0.308749,-0.035845,-0.01728,0.059658,Drawdown,A,0.2,0.130486,-0.270251,-0.00464,17,959,0.2393,-0.005323,0.098156,Drawdown,A,0.2,0.133893,-0.262082,0.002852,18,1587,0.3961,-0.001915,0.106324,True,True
104481,2010-01-05,2026-04-08,16.25,0.148894,-0.340272,0.151177,-0.340272,-0.018959,0.002283,0.0,Drawdown,C,0.2,0.168802,-0.28347,0.027067,19,970,0.2421,0.019908,0.056803,Drawdown,C,0.2,0.16112,-0.300755,0.010742,16,1726,0.4307,0.012226,0.039517,True,True
104523,2010-01-05,2026-04-08,16.25,0.114852,-0.367567,0.096585,-0.240675,-0.023752,-0.018267,0.126892,Drawdown,C,0.1,0.116052,-0.250155,-0.009026,26,949,0.2375,0.0012,0.117411,Drawdown,C,0.1,0.115652,-0.256553,-0.012625,24,1461,0.3657,0.0008,0.111014,True,True
104636,2010-01-05,2026-04-08,16.25,0.130899,-0.358902,0.10451,-0.252612,-0.021796,-0.026389,0.10629,Drawdown,A,0.2,0.144004,-0.275504,0.006252,19,960,0.2397,0.013105,0.083398,Drawdown,A,0.2,0.146019,-0.260635,0.015702,19,1682,0.42,0.01512,0.098268,True,True
104772,2010-01-05,2026-04-08,16.25,0.143961,-0.372547,0.12983,-0.319356,-0.029848,-0.014131,0.053191,Drawdown,D,0.1,0.137336,-0.304087,-0.014707,14,972,0.2426,-0.006625,0.06846,Drawdown,C,0.1,0.137904,-0.304545,-0.014369,17,1525,0.3806,-0.006057,0.068001,True,True
104908,2010-01-05,2026-04-08,16.25,0.166906,-0.36092,0.169168,-0.36092,-0.011292,0.002262,-0.0,Drawdown,D,0.2,0.157696,-0.319341,-0.001975,15,928,0.2318,-0.00921,0.041579,Drawdown,D,0.2,0.166807,-0.336196,-0.00129,10,1512,0.3776,-9.8e-05,0.024724,True,True
105001,2010-01-05,2026-04-08,16.25,0.117266,-0.381483,0.094558,-0.301394,-0.056139,-0.022708,0.080089,Drawdown,C,0.1,0.12331,-0.273563,-0.013472,22,964,0.2406,0.006044,0.10792,Drawdown,D,0.2,0.118094,-0.282315,-0.023064,12,1688,0.4214,0.000828,0.099168,True,True
105460,2010-01-05,2026-04-08,16.25,0.138697,-0.365689,0.121838,-0.285442,-0.020883,-0.016859,0.080247,Drawdown,C,0.2,0.138549,-0.250422,0.013337,19,975,0.2434,-0.000148,0.115266,Drawdown,A,0.2,0.139649,-0.276826,0.001236,15,1598,0.399,0.000952,0.088863,True,True
105503,2010-01-05,2026-04-08,16.25,0.177269,-0.341777,0.160927,-0.270139,0.025858,-0.016342,0.071638,Drawdown,D,0.2,0.188777,-0.262308,0.057623,17,969,0.2419,0.011508,0.079469,Drawdown,C,0.2,0.185387,-0.282252,0.044261,17,1613,0.4027,0.008118,0.059525,True,True
105628,2010-01-05,2026-04-08,16.25,0.12894,-0.390969,0.114641,-0.279841,-0.02528,-0.014299,0.111128,Volatility,C,0.2,0.130022,-0.279841,-0.009899,6,957,0.2395,0.001082,0.111128,Volatility,C,0.2,0.121795,-0.279841,-0.018125,7,1478,0.3699,-0.007144,0.111128,True,True
105875,2010-01-05,2026-04-08,16.25,0.122966,-0.357857,0.11718,-0.287508,-0.026574,-0.005786,0.070349,Drawdown,C,0.2,0.139174,-0.264727,0.006811,20,974,0.2431,0.016208,0.09313,Drawdown,C,0.2,0.134577,-0.263663,0.002746,21,1765,0.4405,0.011612,0.094194,True,True
105989,2010-01-06,2026-04-08,16.25,0.185945,-0.498236,0.173782,-0.364812,-0.008624,-0.012163,0.133424,Drawdown,C,0.1,0.200823,-0.396055,0.002796,23,907,0.231,0.014878,0.102181,Drawdown,D,0.2,0.189888,-0.430396,-0.02531,15,1662,0.4233,0.003943,0.06784,True,True
106096,2010-07-09,2026-04-08,15.75,0.139191,-0.496846,0.143475,-0.395167,-0.054108,0.004284,0.101679,Volatility,A,0.2,0.145542,-0.41854,-0.063728,5,939,0.2424,0.00635,0.078306,Volatility,D,0.2,0.144828,-0.41854,-0.064442,5,1842,0.4756,0.005637,0.078306,True,True
106144,2010-01-05,2026-04-08,16.25,0.138904,-0.353895,0.124255,-0.266567,-0.009028,-0.014649,0.087328,Drawdown,A,0.2,0.143303,-0.253266,0.016669,17,969,0.2419,0.004398,0.100629,Drawdown,A,0.2,0.13894,-0.251941,0.012969,17,1573,0.3928,3.5e-05,0.101954,True,True
106166,2010-01-05,2026-04-02,16.24,0.120128,-0.257717,0.093399,-0.148039,0.019379,-0.026729,0.109678,Drawdown,D,0.2,0.10335,-0.119334,0.043683,14,822,0.2056,-0.016778,0.138383,Drawdown,A,0.2,0.105407,-0.119144,0.045836,19,1065,0.2663,-0.01472,0.138574,True,True
106317,2010-01-05,2026-04-02,16.24,0.094076,-0.265544,0.089199,-0.243763,-0.032683,-0.004877,0.021781,Drawdown,D,0.2,0.090994,-0.206363,-0.012188,11,891,0.2226,-0.003083,0.059181,Drawdown,D,0.2,0.087245,-0.207601,-0.016556,15,1228,0.3068,-0.006831,0.057943,True,True
106425,2010-01-05,2026-04-08,16.25,0.109082,-0.302796,0.106109,-0.217354,-0.002568,-0.002973,0.085442,Drawdown,C,0.2,0.108458,-0.204648,0.006134,18,941,0.235,-0.000624,0.098148,Drawdown,C,0.2,0.111332,-0.190739,0.015963,16,1606,0.401,0.00225,0.112058,True,True
106654,2010-01-05,2026-04-08,16.25,0.129735,-0.396842,0.127537,-0.375555,-0.06024,-0.002198,0.021287,Volatility,D,0.2,0.118636,-0.332398,-0.047563,5,958,0.2392,-0.011098,0.064444,Volatility,C,0.2,0.121223,-0.332398,-0.044976,7,1946,0.4859,-0.008512,0.064444,True,True
106871,2010-01-05,2026-04-08,16.25,0.093442,-0.331674,0.094929,-0.306336,-0.058239,0.001487,0.025338,Drawdown,C,0.2,0.108037,-0.271257,-0.027592,23,980,0.246,0.014595,0.060417,Drawdown,C,0.2,0.111237,-0.269863,-0.023694,22,1646,0.4132,0.017795,0.061811,True,True
106873,2010-01-05,2026-04-08,16.25,0.108527,-0.739939,0.118642,-0.600031,-0.181373,0.010115,0.139908,Drawdown,C,0.2,0.089497,-0.246301,-0.033654,22,633,0.1581,-0.019029,0.493637,Trend,E,0.2,0.11029,-0.722406,-0.250913,14,1199,0.2995,0.001763,0.017533,True,True
107288,2010-01-05,2026-04-08,16.25,0.118541,-0.390499,0.119864,-0.390499,-0.075386,0.001323,0.0,Drawdown,C,0.1,0.127829,-0.390499,-0.067421,21,977,0.2439,0.009288,0.0,Drawdown,D,0.2,0.125749,-0.390499,-0.069501,11,1766,0.4409,0.007208,0.0,True,True
107353,2010-01-05,2026-04-08,16.25,0.154599,-0.399524,0.12068,-0.274089,-0.016365,-0.033919,0.125435,Drawdown,A,0.1,0.161233,-0.35023,-0.013882,20,951,0.2375,0.006634,0.049294,Volatility,C,0.2,0.142974,-0.297854,-0.005953,10,1843,0.4602,-0.011625,0.10167,True,True
107410,2010-01-06,2026-04-08,16.25,0.087919,-0.485465,0.092125,-0.485465,-0.150607,0.004206,-0.0,Drawdown,A,0.2,0.096533,-0.485465,-0.146199,12,948,0.2515,0.008615,0.0,Volatility,C,0.2,0.095933,-0.485465,-0.146799,11,1809,0.4798,0.008015,0.0,True,True
107763,2010-01-05,2026-04-08,16.25,0.105906,-0.407443,0.107907,-0.397716,-0.090951,0.002001,0.009727,Drawdown,C,0.1,0.11098,-0.394697,-0.086369,12,975,0.2447,0.005074,0.012746,Drawdown,A,0.2,0.108684,-0.381211,-0.081921,9,1937,0.4862,0.002778,0.026232,True,True
108202,2010-01-05,2026-04-08,16.25,0.137595,-0.489503,0.120596,-0.323909,-0.041358,-0.016999,0.165594,Volatility,A,0.2,0.130713,-0.359663,-0.049118,5,908,0.2332,-0.006882,0.129841,Volatility,A,0.2,0.128554,-0.355265,-0.049078,7,1790,0.4597,-0.009041,0.134239,True,True
108378,2010-01-05,2026-04-08,16.25,0.144372,-0.424533,0.142509,-0.395062,-0.055022,-0.001863,0.029471,Drawdown,A,0.2,0.158725,-0.35554,-0.019045,21,974,0.2432,0.014353,0.068992,Drawdown,C,0.1,0.156326,-0.360567,-0.023957,24,1690,0.422,0.011954,0.063966,True,True
108592,2010-01-05,2026-04-08,16.25,0.099957,-0.392179,0.097075,-0.327313,-0.066581,-0.002882,0.064866,Drawdown,D,0.2,0.109534,-0.361909,-0.071421,8,977,0.2435,0.009577,0.030269,Drawdown,C,0.2,0.109722,-0.376318,-0.078437,18,1802,0.449,0.009765,0.015861,True,True
108594,2010-01-05,2026-04-08,16.25,0.132143,-0.369567,0.121341,-0.33413,-0.045725,-0.010802,0.035437,Drawdown,D,0.2,0.135141,-0.267574,0.001354,11,968,0.2412,0.002998,0.101993,Drawdown,D,0.2,0.133433,-0.265908,0.000479,11,1688,0.4206,0.00129,0.103659,True,True
108596,2010-01-05,2026-04-08,16.25,0.123418,-0.39348,0.103617,-0.290655,-0.04171,-0.019801,0.102825,Drawdown,C,0.2,0.132671,-0.321296,-0.027977,24,980,0.2442,0.009253,0.072184,Drawdown,C,0.2,0.130865,-0.294721,-0.016495,24,1604,0.3997,0.007448,0.098759,True,True
108799,2010-01-05,2026-04-08,16.25,0.104584,-0.351873,0.097276,-0.265082,-0.035265,-0.007308,0.086791,Drawdown,C,0.2,0.122894,-0.264588,-0.0094,20,983,0.245,0.01831,0.087285,Drawdown,A,0.2,0.117209,-0.236267,-0.000925,15,1648,0.4107,0.012625,0.115606,True,True
108909,2010-01-05,2026-04-08,16.25,0.145564,-0.530948,0.127351,-0.409408,-0.077353,-0.018213,0.12154,Drawdown,D,0.2,0.160173,-0.479817,-0.079736,14,969,0.2415,0.014609,0.05113,Drawdown,D,0.2,0.160856,-0.494264,-0.086276,15,1761,0.4388,0.015292,0.036683,True,True
109059,2010-01-05,2026-04-08,16.25,0.122973,-0.432991,0.126978,-0.415575,-0.08081,0.004005,0.017416,Drawdown,A,0.2,0.132275,-0.384558,-0.060004,16,974,0.2432,0.009302,0.048433,Drawdown,A,0.2,0.135694,-0.384248,-0.05643,16,1776,0.4434,0.012721,0.048743,True,True
109275,2010-01-06,2026-04-08,16.25,0.132227,-0.446891,0.131748,-0.446891,-0.091698,-0.000479,-0.0,Drawdown,C,0.2,0.147217,-0.40846,-0.057013,16,895,0.2231,0.01499,0.038431,Drawdown,A,0.2,0.136215,-0.422469,-0.07502,17,1621,0.404,0.003987,0.024422,True,True
109522,2010-01-05,2026-04-08,16.25,0.113725,-0.42409,0.116066,-0.42409,-0.095979,0.002341,0.0,Trend,E,0.1,0.116971,-0.42409,-0.095074,22,975,0.2434,0.003246,0.0,Drawdown,C,0.1,0.114118,-0.42409,-0.097927,12,1809,0.4517,0.000393,0.0,True,True
109830,2010-01-06,2026-04-08,16.25,0.110466,-0.59532,0.112149,-0.59532,-0.185511,0.001683,-0.0,Volatility,C,0.2,0.118309,-0.59532,-0.179351,5,930,0.2319,0.007843,0.0,Volatility,A,0.2,0.116565,-0.59532,-0.181095,6,1837,0.458,0.006099,0.0,True,True
110603,2010-01-05,2026-04-08,16.25,0.100871,-0.395141,0.083749,-0.299025,-0.065763,-0.017122,0.096116,Volatility,C,0.2,0.096183,-0.303782,-0.055708,8,989,0.2469,-0.004688,0.091359,Volatility,A,0.2,0.095556,-0.319491,-0.064189,10,1736,0.4335,-0.005315,0.075651,True,True
111569,2010-01-05,2026-04-08,16.25,0.1412,-0.441092,0.120793,-0.296808,-0.027611,-0.020407,0.144284,Drawdown,A,0.2,0.149389,-0.364045,-0.032633,18,978,0.2437,0.00819,0.077046,Volatility,C,0.2,0.130586,-0.296808,-0.017818,8,1656,0.4127,-0.010614,0.144283,True,True
111599,2010-01-05,2026-04-02,16.24,0.09183,-0.250685,0.089347,-0.177946,0.000374,-0.002483,0.072739,Drawdown,D,0.2,0.090891,-0.149005,0.016388,7,810,0.2024,-0.000939,0.10168,Drawdown,A,0.2,0.082812,-0.146226,0.0097,18,1040,0.2599,-0.009018,0.104459,True,True
111638,2010-01-05,2026-04-08,16.25,0.118605,-0.369026,0.104223,-0.278858,-0.035206,-0.014382,0.090168,Drawdown,A,0.2,0.127422,-0.31006,-0.027608,20,959,0.2393,0.008817,0.058966,Volatility,C,0.2,0.118188,-0.284455,-0.024039,9,1631,0.407,-0.000417,0.084572,True,True
111710,2010-01-05,2026-04-08,16.25,0.123522,-0.317661,0.120224,-0.309694,-0.034624,-0.003298,0.007967,Drawdown,D,0.1,0.13107,-0.309694,-0.023777,15,980,0.2447,0.007548,0.007966,Drawdown,D,0.1,0.127673,-0.317661,-0.031158,15,1762,0.44,0.004151,0.0,True,True
111722,2010-01-05,2026-04-08,16.25,0.134002,-0.343302,0.125402,-0.259274,-0.004235,-0.0086,0.084028,Drawdown,D,0.2,0.132869,-0.251485,0.007126,14,966,0.2412,-0.001133,0.091817,Drawdown,A,0.2,0.130521,-0.222027,0.019508,19,1484,0.3705,-0.00348,0.121275,True,True
111787,2010-01-05,2026-04-08,16.25,0.116241,-0.294212,0.104338,-0.223286,-0.007305,-0.011903,0.070926,Drawdown,A,0.2,0.126209,-0.223773,0.014323,13,966,0.2411,0.009969,0.070439,Drawdown,A,0.2,0.1215,-0.212439,0.01528,13,1701,0.4245,0.005259,0.081773,True,True
111940,2010-01-05,2026-04-08,16.25,0.118009,-0.352638,0.110737,-0.261912,-0.020218,-0.007272,0.090726,Drawdown,D,0.2,0.117036,-0.277254,-0.021591,10,975,0.2434,-0.000974,0.075385,Drawdown,C,0.2,0.110163,-0.237611,-0.008642,22,1504,0.3754,-0.007846,0.115028,True,True
112098,2010-01-05,2026-04-08,16.25,0.115071,-0.369181,0.110633,-0.280365,-0.02955,-0.004438,0.088816,Drawdown,D,0.2,0.119938,-0.244252,-0.002188,12,985,0.2459,0.004867,0.124929,Drawdown,C,0.1,0.118251,-0.243076,-0.003287,25,1596,0.3985,0.00318,0.126105,True,True
112108,2010-01-05,2026-04-02,16.24,0.105261,-0.286077,0.105973,-0.286077,-0.037065,0.000712,-0.0,Drawdown,A,0.2,0.103637,-0.219445,-0.006086,12,943,0.2355,-0.001624,0.066632,Drawdown,C,0.2,0.099131,-0.221232,-0.011485,12,1374,0.3432,-0.00613,0.064844,True,True
112117,2010-01-05,2026-04-02,16.24,0.10189,-0.163579,0.083403,-0.089052,0.038877,-0.018487,0.074527,Drawdown,C,0.1,0.073152,-0.071514,0.037395,18,669,0.1671,-0.028738,0.092065,Drawdown,D,0.1,0.076818,-0.079039,0.037298,14,944,0.2358,-0.025072,0.08454,True,True
112152,2010-01-05,2026-04-08,16.25,0.147086,-0.347655,0.141799,-0.28525,-0.000826,-0.005287,0.062405,Drawdown,A,0.2,0.15255,-0.262874,0.021113,18,981,0.2449,0.005463,0.084782,Drawdown,D,0.2,0.153597,-0.282503,0.012346,12,1691,0.4222,0.006511,0.065153,True,True
112171,2010-01-05,2026-04-08,16.25,0.119288,-0.418182,0.103197,-0.332912,-0.063259,-0.016091,0.08527,Volatility,C,0.2,0.130503,-0.304146,-0.02157,6,967,0.2414,0.011215,0.114036,Volatility,A,0.2,0.133363,-0.304146,-0.01871,8,1849,0.4617,0.014075,0.114036,True,True
112277,2010-01-08,2026-04-08,16.25,0.113285,-0.301814,0.111968,-0.272433,-0.024249,-0.001317,0.029381,Drawdown,C,0.2,0.109789,-0.216256,0.001661,15,960,0.2395,-0.003496,0.085557,Drawdown,D,0.2,0.10919,-0.242879,-0.012249,12,1578,0.3936,-0.004095,0.058935,True,True
112323,2010-01-05,2026-04-08,16.25,0.145474,-0.335659,0.125858,-0.229801,0.010957,-0.019616,0.105858,Drawdown,A,0.05,0.137103,-0.26984,0.002182,23,949,0.2365,-0.008371,0.065819,Trend,E,0.2,0.146811,-0.27657,0.008526,6,1551,0.3866,0.001337,0.059088,True,True
112901,2010-06-16,2026-04-08,15.81,0.108415,-0.39417,0.089673,-0.293601,-0.057128,-0.018742,0.100569,Drawdown,A,0.2,0.110885,-0.292817,-0.035523,16,965,0.2476,0.00247,0.101353,Drawdown,C,0.2,0.109791,-0.292581,-0.0365,15,1797,0.4611,0.001376,0.101589,True,True
112932,2010-07-13,2026-04-08,15.74,0.185503,-0.369613,0.165404,-0.279506,0.025651,-0.020099,0.090107,Drawdown,C,0.1,0.167378,-0.220604,0.057075,26,884,0.2281,-0.018125,0.149008,Drawdown,C,0.1,0.166689,-0.253637,0.039871,24,1469,0.379,-0.018813,0.115976,True,True
113064,2010-08-30,2026-04-02,15.59,0.095583,-0.275112,0.06912,-0.134264,0.001989,-0.026463,0.140848,Drawdown,C,0.2,0.085858,-0.118643,0.026536,22,754,0.1961,-0.009726,0.156469,Drawdown,C,0.2,0.08704,-0.118643,0.027719,24,1170,0.3043,-0.008543,0.156469,True,True
113099,2010-07-13,2026-04-08,15.74,0.081787,-0.480681,0.076715,-0.407549,-0.127059,-0.005072,0.073132,Trend,E,0.2,0.098565,-0.470864,-0.136867,14,950,0.2454,0.016778,0.009816,Volatility,A,0.2,0.099835,-0.392218,-0.096274,4,1989,0.5138,0.018048,0.088463,True,True
113221,2010-08-24,2026-04-08,15.62,0.12123,-0.326559,0.110624,-0.21817,0.001539,-0.010606,0.108389,Drawdown,C,0.2,0.111191,-0.170485,0.025948,27,950,0.2471,-0.01004,0.156074,Drawdown,C,0.2,0.106785,-0.184336,0.014617,31,1369,0.356,-0.014445,0.142223,True,True
114476,2011-03-10,2026-04-08,15.08,0.105337,-0.57989,0.115484,-0.383056,-0.076044,0.010147,0.196834,Drawdown,C,0.2,0.119019,-0.493712,-0.127837,13,902,0.2426,0.013682,0.086179,Volatility,C,0.2,0.136677,-0.472545,-0.099596,11,2031,0.5463,0.03134,0.107345,True,True
114564,2011-02-25,2026-04-08,15.12,0.171636,-0.294434,0.154213,-0.20061,0.053908,-0.017423,0.093824,Drawdown,C,0.1,0.174416,-0.204329,0.072252,21,911,0.2446,0.00278,0.090106,Drawdown,C,0.2,0.187125,-0.194853,0.089699,22,1565,0.4201,0.015489,0.099581,True,True
114931,2011-04-01,2026-04-08,15.02,0.153343,-0.356906,0.121223,-0.199708,0.021369,-0.03212,0.157198,Drawdown,C,0.2,0.126655,-0.22083,0.01624,28,867,0.2347,-0.026688,0.136076,Drawdown,A,0.1,0.146403,-0.265713,0.013547,22,1436,0.3887,-0.00694,0.091193,True,True
116547,2012-02-15,2026-04-08,14.14,0.106694,-0.368168,0.097378,-0.23464,-0.019942,-0.009316,0.133528,Drawdown,C,0.2,0.110141,-0.253735,-0.016726,18,721,0.2072,0.003448,0.114433,Drawdown,C,0.2,0.111297,-0.23464,-0.006022,27,1394,0.4006,0.004604,0.133528,True,True
117549,2012-06-26,2026-04-08,13.78,0.119061,-0.428571,0.121559,-0.364211,-0.060546,0.002498,0.06436,Drawdown,A,0.1,0.122366,-0.360908,-0.058088,12,677,0.1997,0.003305,0.067663,Drawdown,C,0.1,0.12236,-0.360908,-0.058094,13,1371,0.4044,0.003299,0.067663,True,True
117560,2012-07-06,2026-04-08,13.75,0.122803,-0.337817,0.09881,-0.227257,-0.014818,-0.023993,0.11056,Drawdown,C,0.1,0.128551,-0.256939,8.2e-05,21,685,0.2021,0.005748,0.080878,Drawdown,C,0.1,0.13126,-0.256939,0.00279,21,1418,0.4184,0.008457,0.080878,True,True
120576,2013-01-03,2026-04-08,13.26,0.137749,-0.364752,0.12692,-0.317033,-0.031597,-0.010829,0.047719,Drawdown,C,0.2,0.11806,-0.20308,0.01652,22,622,0.1902,-0.019689,0.161672,Drawdown,A,0.2,0.126613,-0.253206,1e-05,8,1397,0.4272,-0.011136,0.111546,True,True
120577,2013-01-10,2026-04-08,13.24,0.17288,-0.29967,0.161489,-0.190122,0.066428,-0.011391,0.109548,Drawdown,C,0.1,0.179485,-0.24447,0.05725,19,616,0.1888,0.006605,0.0552,Drawdown,A,0.1,0.177569,-0.24447,0.055334,18,1333,0.4085,0.004689,0.0552,True,True
122387,2013-05-16,2026-04-08,12.9,0.117825,-0.346411,0.088865,-0.223178,-0.022724,-0.02896,0.123233,Drawdown,C,0.1,0.123597,-0.241959,0.002618,23,675,0.2128,0.005772,0.104452,Drawdown,C,0.1,0.123597,-0.245299,0.000947,24,1344,0.4237,0.005772,0.101112,True,True
122640,2013-05-29,2026-04-08,12.86,0.178138,-0.312609,0.16245,-0.197989,0.063455,-0.015688,0.11462,Drawdown,C,0.2,0.175428,-0.147702,0.101577,17,485,0.1534,-0.00271,0.164907,Drawdown,C,0.2,0.177577,-0.142892,0.106132,18,869,0.2748,-0.00056,0.169717,True,True
125305,2013-12-06,2026-04-08,12.34,0.156111,-0.386417,0.163721,-0.266811,0.030315,0.00761,0.119606,Drawdown,A,0.2,0.174559,-0.352475,-0.001679,14,621,0.2047,0.018448,0.033941,Volatility,C,0.2,0.162723,-0.322048,0.001699,6,1220,0.4021,0.006612,0.064369,True,True
125350,2013-12-06,2026-04-08,12.34,0.204494,-0.347814,0.196034,-0.258981,0.066544,-0.00846,0.088833,Drawdown,A,0.2,0.177534,-0.205248,0.074909,21,562,0.1849,-0.02696,0.142566,Trend,E,0.2,0.195949,-0.218377,0.08676,44,1000,0.3289,-0.008545,0.129437,True,True
125494,2013-11-19,2026-04-08,12.38,0.222576,-0.418487,0.212651,-0.320644,0.052329,-0.009925,0.097843,Drawdown,C,0.2,0.188788,-0.189725,0.093925,24,553,0.1811,-0.033789,0.228762,Volatility,C,0.2,0.225696,-0.356211,0.047591,6,1275,0.4175,0.00312,0.062276,True,True
125595,2013-12-19,2026-04-08,12.3,0.158889,-0.475756,0.15998,-0.439698,-0.059869,0.001091,0.036058,Drawdown,C,0.1,0.166664,-0.398411,-0.032542,22,615,0.2034,0.007775,0.077345,Trend,E,0.2,0.181053,-0.475756,-0.056825,10,1136,0.3758,0.022164,0.0,True,True
125713,2013-12-09,2026-04-02,12.31,0.092573,-0.258448,0.086326,-0.167855,0.002399,-0.006247,0.090593,Drawdown,C,0.2,0.098056,-0.110522,0.042795,17,589,0.1945,0.005483,0.147926,Drawdown,C,0.2,0.092596,-0.13026,0.027466,19,994,0.3282,2.3e-05,0.128188,True,True
126394,2014-02-10,2026-04-02,12.14,0.085356,-0.194219,0.074503,-0.073721,0.037642,-0.010853,0.120498,Drawdown,A,0.2,0.086943,-0.072502,0.050691,8,393,0.1325,0.001587,0.121717,Drawdown,A,0.2,0.087446,-0.072595,0.051148,8,482,0.1625,0.00209,0.121624,True,True
127039,2014-02-26,2026-04-08,12.11,0.198377,-0.372925,0.199806,-0.288328,0.055642,0.001429,0.084597,Drawdown,A,0.2,0.196832,-0.245673,0.073995,17,607,0.204,-0.001545,0.127251,Volatility,A,0.2,0.200326,-0.349689,0.025481,8,1303,0.4378,0.001949,0.023235,True,True
127849,2014-03-25,2026-04-02,12.02,0.07809,-0.186024,0.050878,-0.055637,0.023059,-0.027212,0.130387,Drawdown,D,0.2,0.079538,-0.080615,0.03923,6,446,0.1515,0.001447,0.105409,Drawdown,D,0.2,0.079089,-0.080083,0.039048,6,666,0.2263,0.000999,0.105941,True,True
129048,2014-04-30,2026-04-08,11.94,0.153925,-0.371491,0.15153,-0.252854,0.025104,-0.002395,0.118637,Drawdown,C,0.1,0.154597,-0.288359,0.010417,24,614,0.2091,0.000671,0.083132,Drawdown,C,0.1,0.158918,-0.31341,0.002213,12,1230,0.4188,0.004993,0.058081,True,True
129213,2014-04-09,2026-04-08,12.0,0.15551,-0.512924,0.141162,-0.410176,-0.063927,-0.014348,0.102748,Drawdown,A,0.2,0.178806,-0.443165,-0.042776,14,618,0.2096,0.023296,0.06976,Drawdown,A,0.2,0.160698,-0.465375,-0.071989,14,1262,0.4281,0.005188,0.04755,True,True
129647,2014-06-18,2026-04-08,11.81,0.141946,-0.455153,0.14599,-0.282116,0.004933,0.004044,0.173037,Drawdown,A,0.2,0.158726,-0.371201,-0.026874,15,624,0.215,0.016781,0.083952,Drawdown,C,0.2,0.159077,-0.388999,-0.035423,17,1313,0.4524,0.017131,0.066154,True,True
131357,2014-10-14,2026-04-02,11.47,0.076044,-0.259714,0.066742,-0.157765,-0.012141,-0.009302,0.101949,Drawdown,C,0.2,0.077686,-0.128503,0.013435,15,425,0.1502,0.001642,0.13121,Drawdown,C,0.2,0.079498,-0.119843,0.019576,17,557,0.1968,0.003454,0.13987,True,True
131578,2014-11-03,2026-04-08,11.43,0.139297,-0.366487,0.134551,-0.274725,-0.002812,-0.004746,0.091762,Drawdown,C,0.2,0.147207,-0.247427,0.023493,18,616,0.2189,0.00791,0.11906,Drawdown,D,0.2,0.149803,-0.30804,-0.004217,12,1180,0.4193,0.010506,0.058447,True,True
131666,2014-10-14,2026-04-02,11.47,0.098444,-0.26481,0.084442,-0.158602,0.00514,-0.014002,0.106208,Drawdown,C,0.2,0.101292,-0.134812,0.033886,8,460,0.163,0.002848,0.129997,Drawdown,C,0.2,0.100788,-0.159507,0.021035,7,615,0.2179,0.002344,0.105303,True,True
132757,2014-10-16,2026-04-08,11.48,0.137213,-0.368807,0.121865,-0.240154,0.001788,-0.015348,0.128653,Drawdown,A,0.2,0.140131,-0.240154,0.020054,17,579,0.205,0.002918,0.128653,Drawdown,C,0.2,0.142804,-0.251425,0.017092,10,1078,0.3817,0.005591,0.117382,True,True
133036,2014-11-07,2026-04-02,11.4,0.110334,-0.322619,0.101058,-0.28612,-0.042002,-0.009276,0.036499,Drawdown,C,0.2,0.103907,-0.171205,0.018304,19,574,0.2044,-0.006427,0.151414,Drawdown,C,0.2,0.113513,-0.202494,0.012266,8,895,0.3187,0.003178,0.120126,True,True
133385,2015-01-23,2026-04-08,11.21,0.151637,-0.378219,0.140567,-0.329622,-0.024244,-0.01107,0.048597,Drawdown,D,0.2,0.14052,-0.255944,0.012548,9,622,0.2255,-0.011117,0.122275,Drawdown,C,0.2,0.142367,-0.283798,0.000468,7,1261,0.4572,-0.00927,0.094422,True,True
133513,2015-02-04,2026-04-08,11.17,0.11226,-0.402831,0.113811,-0.300035,-0.036207,0.001551,0.102796,Drawdown,C,0.2,0.132058,-0.213642,0.025237,15,619,0.2251,0.019798,0.18919,Drawdown,A,0.2,0.11782,-0.334753,-0.049557,11,1296,0.4713,0.00556,0.068078,True,True
133711,2015-02-27,2026-04-08,11.11,0.123455,-0.340399,0.106582,-0.241311,-0.014074,-0.016873,0.099088,Drawdown,C,0.1,0.118751,-0.224248,0.006627,16,625,0.2286,-0.004704,0.116151,Drawdown,A,0.2,0.125536,-0.224248,0.013412,8,1259,0.4605,0.002081,0.116151,True,True
133836,2015-03-10,2026-04-08,11.08,0.11766,-0.365253,0.112949,-0.234955,-0.004528,-0.004711,0.130298,Drawdown,C,0.2,0.126022,-0.226142,0.012951,16,614,0.2249,0.008362,0.139111,Drawdown,C,0.2,0.118649,-0.262581,-0.012641,9,1178,0.4315,0.000989,0.102672,True,True
133858,2015-03-09,2026-04-08,11.08,0.138351,-0.438532,0.119655,-0.253838,-0.007264,-0.018696,0.184694,Drawdown,A,0.2,0.127673,-0.318769,-0.031712,15,601,0.2195,-0.010678,0.119763,Drawdown,C,0.2,0.130512,-0.318769,-0.028872,16,991,0.3619,-0.007839,0.119763,True,True
134016,2015-03-31,2026-04-08,11.02,0.068803,-0.463036,0.076707,-0.435688,-0.141137,0.007904,0.027348,Drawdown,C,0.2,0.082703,-0.377782,-0.106188,11,620,0.2285,0.0139,0.085253,Drawdown,A,0.2,0.087267,-0.40437,-0.114918,10,1152,0.4246,0.018464,0.058666,True,True
134815,2015-07-31,2026-04-02,10.67,0.111097,-0.291753,0.097,-0.179456,0.007272,-0.014097,0.112297,Drawdown,C,0.2,0.104655,-0.124587,0.042362,18,559,0.2128,-0.006442,0.167166,Drawdown,A,0.2,0.111443,-0.174009,0.024438,8,800,0.3045,0.000346,0.117744,True,True
135343,2015-09-10,2026-04-08,10.58,0.093811,-0.482264,0.101296,-0.321939,-0.059674,0.007485,0.160325,Drawdown,C,0.2,0.104711,-0.291817,-0.041197,8,568,0.2184,0.010901,0.190447,Drawdown,D,0.2,0.087158,-0.408552,-0.117118,6,1153,0.4433,-0.006652,0.073712,True,True
135598,2015-12-15,2026-04-08,10.31,0.118971,-0.3687,0.120266,-0.223491,0.008521,0.001295,0.145209,Drawdown,C,0.2,0.136051,-0.232113,0.019994,14,504,0.1983,0.017079,0.136587,Drawdown,C,0.2,0.135363,-0.249275,0.010725,9,991,0.39,0.016391,0.119425,True,True
135655,2016-01-01,2026-04-08,10.27,0.10193,-0.378677,0.097182,-0.253852,-0.029744,-0.004748,0.124825,Drawdown,C,0.2,0.121576,-0.234494,0.004328,15,492,0.1945,0.019646,0.144182,Drawdown,C,0.2,0.114364,-0.285274,-0.028272,9,1179,0.4662,0.012435,0.093403,True,True
135678,2015-12-09,2026-04-08,10.33,0.124464,-0.385542,0.114471,-0.269172,-0.020115,-0.009993,0.11637,Drawdown,C,0.2,0.139839,-0.252002,0.013838,16,508,0.1996,0.015375,0.13354,Drawdown,C,0.2,0.136809,-0.290103,-0.008242,10,1164,0.4574,0.012346,0.095439,True,True
135784,2015-12-30,2026-04-08,10.27,0.163001,-0.379708,0.150919,-0.235742,0.033048,-0.012082,0.143966,Drawdown,C,0.2,0.142751,-0.235742,0.02488,19,492,0.1945,-0.020251,0.143966,Drawdown,A,0.2,0.16267,-0.264686,0.030327,7,996,0.3937,-0.000332,0.115022,True,True
135794,2015-12-30,2026-04-08,10.27,0.150681,-0.417405,0.156716,-0.34827,-0.017419,0.006035,0.069135,Drawdown,D,0.2,0.147569,-0.296489,-0.000676,10,490,0.1937,-0.003112,0.120916,Drawdown,C,0.2,0.155657,-0.310783,0.000266,10,1015,0.4012,0.004976,0.106623,True,True
135797,2015-12-30,2026-04-08,10.27,0.145027,-0.343368,0.126451,-0.240817,0.006042,-0.018576,0.102551,Drawdown,C,0.2,0.15732,-0.258482,0.02808,11,459,0.1815,0.012293,0.084887,Drawdown,C,0.1,0.152599,-0.25982,0.022689,19,1178,0.4658,0.007572,0.083549,True,True
135804,2015-12-30,2026-04-08,10.27,0.147023,-0.341089,0.140161,-0.22814,0.026091,-0.006862,0.112949,Drawdown,C,0.2,0.133322,-0.206705,0.02997,9,497,0.1964,-0.013701,0.134384,Drawdown,C,0.2,0.147503,-0.218482,0.038263,7,1147,0.4534,0.00048,0.122607,True,True
135812,2015-12-30,2026-04-08,10.27,0.10723,-0.219436,0.110782,-0.219436,0.001064,0.003552,-0.0,Volatility,D,0.05,0.105159,-0.219436,-0.004558,2,443,0.1751,-0.00207,0.0,Volatility,A,0.05,0.106225,-0.219436,-0.003492,4,1116,0.4411,-0.001005,0.0,True,True
135815,2015-12-30,2026-04-08,10.27,0.159628,-0.357005,0.161355,-0.242783,0.039964,0.001727,0.114222,Drawdown,C,0.2,0.160383,-0.255187,0.03279,10,473,0.187,0.000755,0.101817,Volatility,A,0.2,0.163218,-0.300494,0.012971,4,1120,0.4427,0.003589,0.056511,True,True
140172,2016-11-29,2026-04-08,9.36,0.152848,-0.350093,0.152428,-0.298303,0.003276,-0.00042,0.05179,Drawdown,C,0.2,0.163344,-0.250513,0.038088,9,424,0.1837,0.010497,0.09958,Drawdown,C,0.2,0.161996,-0.237316,0.043338,9,822,0.3562,0.009148,0.112777,True,True
140225,2016-11-29,2026-04-08,9.36,0.183858,-0.411418,0.184874,-0.302092,0.033829,0.001016,0.109326,Drawdown,C,0.2,0.199002,-0.350729,0.023638,10,423,0.1833,0.015144,0.060689,Drawdown,C,0.2,0.189922,-0.369612,0.005116,11,839,0.3635,0.006064,0.041806,True,True
140355,2016-11-29,2026-04-08,9.36,0.150811,-0.362272,0.145234,-0.268745,0.010862,-0.005577,0.093527,Drawdown,C,0.2,0.165428,-0.263359,0.033748,9,423,0.1833,0.014616,0.098913,Drawdown,C,0.2,0.162734,-0.26713,0.029169,10,861,0.3731,0.011923,0.095143,True,True
141068,2017-04-02,2026-04-08,9.02,0.102219,-0.403059,0.100095,-0.335473,-0.067641,-0.002124,0.067586,Drawdown,A,0.2,0.089443,-0.346351,-0.083732,7,411,0.1851,-0.012776,0.056708,Volatility,C,0.2,0.111649,-0.341227,-0.058965,4,798,0.3593,0.00943,0.061832,True,True
141070,2017-04-02,2026-04-08,9.02,0.102611,-0.398652,0.09891,-0.33359,-0.067885,-0.003701,0.065062,Drawdown,A,0.2,0.089733,-0.345186,-0.082859,7,412,0.1855,-0.012877,0.053467,Drawdown,C,0.2,0.099157,-0.335882,-0.068784,7,789,0.3552,-0.003454,0.062771,True,True
151037,2010-02-17,2026-04-08,16.14,0.122587,-0.514213,0.114889,-0.414634,-0.092428,-0.007698,0.099579,Drawdown,D,0.2,0.137583,-0.445993,-0.085413,13,962,0.2421,0.014996,0.06822,Volatility,C,0.1,0.114093,-0.416899,-0.094357,9,1965,0.4946,-0.008495,0.097314,True,True
151076,2012-11-30,2026-04-08,13.35,0.137002,-0.400191,0.13345,-0.272477,-0.002789,-0.003552,0.127714,Drawdown,A,0.2,0.147878,-0.312489,-0.008367,13,674,0.2052,0.010876,0.087702,Drawdown,D,0.2,0.141423,-0.306594,-0.011875,13,1354,0.4123,0.004421,0.093596,True,True
151110,2012-11-30,2026-04-08,13.35,0.181451,-0.441064,0.175634,-0.369098,-0.008915,-0.005817,0.071966,Drawdown,D,0.2,0.200525,-0.34889,0.02608,12,653,0.1988,0.019074,0.092173,Volatility,A,0.2,0.178605,-0.384765,-0.013778,7,1221,0.3718,-0.002846,0.056299,True,True
151120,2012-11-30,2026-04-02,13.34,0.12289,-0.30096,0.096836,-0.197564,-0.001946,-0.026054,0.103396,Drawdown,C,0.2,0.123349,-0.150517,0.048091,19,588,0.18,0.00046,0.150443,Drawdown,A,0.2,0.115975,-0.17454,0.028705,18,1065,0.3261,-0.006915,0.12642,True,True
151127,2012-11-30,2026-04-02,13.34,0.099465,-0.193111,0.092246,-0.138657,0.022918,-0.007219,0.054454,Drawdown,C,0.2,0.105671,-0.110838,0.050252,8,510,0.1562,0.006206,0.082273,Drawdown,A,0.2,0.100347,-0.110838,0.044928,8,755,0.2312,0.000882,0.082273,True,True
151133,2014-05-16,2026-04-08,11.9,0.18178,-0.535493,0.172084,-0.277806,0.033181,-0.009696,0.257687,Volatility,C,0.2,0.195326,-0.440557,-0.024952,6,552,0.1887,0.013547,0.094937,Volatility,C,0.2,0.194181,-0.478889,-0.045264,5,1286,0.4397,0.012401,0.056604,True,True
151144,2014-08-26,2026-04-08,11.62,0.124322,-0.456233,0.130283,-0.304432,-0.021933,0.005961,0.151801,Drawdown,C,0.2,0.143865,-0.335146,-0.023708,20,618,0.2165,0.019543,0.121087,Drawdown,A,0.2,0.125695,-0.401758,-0.075183,10,1318,0.4616,0.001373,0.054476,True,True
