scheme_code,amc,scheme_name,scheme_category,aaum_lakhs,launch_date,effective_start_date
100033,Aditya Birla Sun Life AMC Limited,Aditya Birla Sun Life Large & Mid Cap Fund - Regular Growth,Equity Scheme - Large & Mid Cap Fund,442821.19,24/02/1995,01/01/2006
100064,Aditya Birla Sun Life AMC Limited,Aditya Birla Sun Life MNC Fund - Growth - Regular Plan,Equity Scheme - Sectoral/ Thematic,229348.85,16/11/1998,01/01/2006
100081,DSP Asset Managers Private Limited,DSP Aggressive Hybrid Fund- Regular Plan - Growth,Hybrid Scheme - Aggressive Hybrid Fund,939549.28,03/05/1999,01/01/2006
100175,quant Money Managers Limited,quant ELSS Tax Saver Fund - Growth Option - Regular Plan,Equity Scheme - ELSS,246762.72,08/03/2000,01/01/2006
100177,quant Money Managers Limited,quant Small Cap Fund - Growth - Regular Plan,Equity Scheme - Small Cap Fund,733453.16,23/09/1996,01/01/2006
100219,JM Financial Asset Management Limited,JM Large Cap Fund (Regular) - Growth Option,Equity Scheme - Large Cap Fund,30803.53,01/04/1995,01/01/2006
100221,JM Financial Asset Management Limited,JM Aggressive Hybrid Fund (Regular) -Growth Option,Hybrid Scheme - Aggressive Hybrid Fund,56790.99,01/04/1995,01/01/2006
100254,JM Financial Asset Management Limited,JM Value Fund (Regular) - Growth Option,Equity Scheme - Value Fund,63301.27,25/03/1997,01/01/2006
100313,LIC Mutual Fund Asset Management Limited,LIC MF Flexi Cap Fund-Regular Plan-Growth,Equity Scheme - Flexi Cap Fund,88297.18,16/04/1998,01/01/2006
100323,LIC Mutual Fund Asset Management Limited,LIC MF Aggressive Hybrid Fund-Regular Plan-Growth,Hybrid Scheme - Aggressive Hybrid Fund,40920.67,01/01/1991,01/01/2006
100414,Tata Asset Management Limited,Tata Aggressive Hybrid Fund- Regular Plan - Growth Option,Hybrid Scheme - Aggressive Hybrid Fund,280702.44,30/08/1995,01/01/2006
100415,Tata Asset Management Limited,Tata Ethical Fund-Regular Plan - Growth Option,Equity Scheme - Sectoral/ Thematic,219454.88,01/01/2013,01/01/2013
100475,Tata Asset Management Limited,Tata Large Cap Fund -Regular Plan - Growth Option,Equity Scheme - Large Cap Fund,207747.74,01/01/2013,01/01/2013
100476,Taurus Asset Management Company Limited,Taurus Flexi Cap Fund - Regular Plan - Growth ,Equity Scheme - Flexi Cap Fund,33124.58,29/01/1994,01/01/2006
100477,Taurus Asset Management Company Limited,Taurus Mid Cap Fund - Regular Plan - Growth,Equity Scheme - Mid Cap Fund,11561.92,05/09/1994,01/01/2006
100480,Taurus Asset Management Company Limited,Taurus ELSS Tax Saver Fund - Regular Plan - Growth,Equity Scheme - ELSS,4142.45,05/03/2007,05/03/2007
100631,quant Money Managers Limited,quant Multi Cap Fund-GROWTH OPTION - Regular Plan,Equity Scheme - Multi Cap Fund,387133.09,19/02/2001,01/01/2006
100651,UTI Asset Mgmt. Co. Ltd.,UTI Large Cap Fund - Regular Plan - Growth Option,Equity Scheme - Large Cap Fund,783827.26,01/02/2003,01/01/2006
100664,UTI Asset Mgmt. Co. Ltd.,UTI Large & Mid Cap Fund - Regular Plan - Growth Option,Equity Scheme - Large & Mid Cap Fund,418290.02,20/05/2009,20/05/2009
100684,UTI Asset Mgmt. Co. Ltd.,UTI Aggressive Hybrid Fund - Regular Plan - Growth,Hybrid Scheme - Aggressive Hybrid Fund,470945.75,02/01/1995,01/01/2006
100740,UTI Asset Mgmt. Co. Ltd.,UTI - MNC Fund - Regular Plan - Growth Option,Equity Scheme - Sectoral/ Thematic,195832.78,01/02/2003,01/01/2006
100795,Sundaram Asset Management Company Ltd,Sundaram Small Cap Fund Regular Plan - Growth,Equity Scheme - Small Cap Fund,282897.19,03/01/2005,01/01/2006
100807,UTI Asset Mgmt. Co. Ltd.,UTI Healthcare Fund - Regular Plan - Growth Option,Equity Scheme - Sectoral/ Thematic,76258.37,27/05/1999,01/01/2006
100821,UTI Asset Mgmt. Co. Ltd.,UTI ELSS Tax Saver Fund - Regular Plan - Growth Option,Equity Scheme - ELSS,278564.99,15/11/1999,01/01/2006
100865,LIC Mutual Fund Asset Management Limited,LIC MF ELSS Tax Saver-Regular Plan-Growth,Equity Scheme - ELSS,87009.22,11/01/1997,01/01/2006
101065,quant Money Managers Limited,quant Mid Cap Fund - Growth Option - Regular Plan,Equity Scheme - Mid Cap Fund,281176.22,12/02/2001,01/01/2006
101070,quant Money Managers Limited,quant Aggressive Hybrid Fund - Growth Option - Regular Plan,Hybrid Scheme - Aggressive Hybrid Fund,121451.51,19/02/2001,01/01/2006
101072,quant Money Managers Limited,quant Multi Asset Allocation Fund-GROWTH OPTION - Regular Plan,Hybrid Scheme - Multi Asset Allocation,249740.81,19/02/2001,01/01/2006
101209,Taurus Asset Management Company Limited,Taurus Large Cap Fund - Regular Plan - Growth,Equity Scheme - Large Cap Fund,4777.59,07/05/2008,07/05/2008
101539,Sundaram Asset Management Company Ltd,Sundaram Mid Cap Fund Regular Plan - Growth,Equity Scheme - Mid Cap Fund,1092212.98,24/06/2002,01/01/2006
101594,HSBC Asset Management (India) Private Ltd.,HSBC Large Cap Fund - Regular Growth,Equity Scheme - Large Cap Fund,147934.27,14/11/2002,01/01/2006
101635,DSP Asset Managers Private Limited,DSP Large Cap Fund - Regular Plan - Growth,Equity Scheme - Large Cap Fund,506130.3,10/02/2003,01/01/2006
101672,Tata Asset Management Limited,Tata Value Fund - Regular Plan -Growth Option,Equity Scheme - Value Fund,619337.4,17/05/2004,01/01/2006
101766,Tata Asset Management Limited,Tata Infrastructure Fund-Regular Plan- Growth Option,Equity Scheme - Sectoral/ Thematic,134794.17,01/01/2013,01/01/2013
101824,Tata Asset Management Limited,Tata Large & Mid Cap Fund- Regular Plan - Growth Option,Equity Scheme - Large & Mid Cap Fund,657414.32,01/01/2013,01/01/2013
101853,Sundaram Asset Management Company Ltd,Sundaram Value Fund Regular Plan - Growth,Equity Scheme - Value Fund,93135.92,22/11/1999,01/01/2006
101922,Canara Robeco Asset Management Company Limited,CANARA ROBECO FLEXICAP FUND - REGULAR PLAN - GROWTH OPTION,Equity Scheme - Flexi Cap Fund,1121292.2,29/08/2003,01/01/2006
102000,HDFC Asset Management Company Limited,HDFC Large Cap Fund - Growth Option - Regular Plan,Equity Scheme - Large Cap Fund,2748420.38,19/08/1996,01/01/2006
102020,Baroda BNP Paribas Asset Management India Private Limited,Baroda BNP Paribas MULTI CAP FUND - Regular Plan - Growth Option,Equity Scheme - Multi Cap Fund,253049.58,14/08/2003,01/01/2006
102142,Sundaram Asset Management Company Ltd,Sundaram Consumption Fund(Formerly Known as Sundaram Rural and Consumption Fund Regular Plan - Growth),Equity Scheme - Sectoral/ Thematic,123174.2,20/03/2006,20/03/2006
102252,HSBC Asset Management (India) Private Ltd.,HSBC Flexi Cap Fund - Regular Growth,Equity Scheme - Flexi Cap Fund,418555.86,22/01/2004,01/01/2006
102328,Tata Asset Management Limited,Tata Mid Cap Fund Regular Plan- Growth Option,Equity Scheme - Mid Cap Fund,450089.25,15/06/1994,01/01/2006
102401,UTI Asset Mgmt. Co. Ltd.,UTI Banking and Financial Services Fund - Regular Plan - Growth Option,Equity Scheme - Sectoral/ Thematic,105297.12,02/01/2003,01/01/2006
102414,SBI Funds Management Limited,SBI CONTRA FUND - REGULAR PLAN -GROWTH,Equity Scheme - Contra Fund,3269341.55,06/05/2005,01/01/2006
102434,DSP Asset Managers Private Limited,DSP India T.I.G.E.R. Fund - Regular Plan - Growth,Equity Scheme - Sectoral/ Thematic,424658.22,27/04/2004,01/01/2006
102756,SBI Funds Management Limited,SBI FOCUSED FUND - REGULAR PLAN -GROWTH,Equity Scheme - Focused Fund,2963615.54,23/08/2004,01/01/2006
102823,SBI Funds Management Limited,SBI HEALTHCARE OPPORTUNITIES FUND - REGULAR PLAN -GROWTH,Equity Scheme - Sectoral/ Thematic,254937.7,01/01/1993,01/01/2006
102885,SBI Funds Management Limited,SBI EQUITY HYBRID FUND - REGULAR PLAN -Growth,Hybrid Scheme - Aggressive Hybrid Fund,7249484.46,01/01/2005,01/01/2006
102920,Canara Robeco Asset Management Company Limited,CANARA ROBECO LARGE AND MID CAP FUND - REGULAR PLAN - GROWTH OPTION,Equity Scheme - Large & Mid Cap Fund,1875765.68,11/02/2005,01/01/2006
102941,SBI Funds Management Limited,SBI MIDCAP FUND - REGULAR PLAN - GROWTH,Equity Scheme - Mid Cap Fund,1730223.66,21/02/2005,01/01/2006
103024,SBI Funds Management Limited,SBI LARGE & MIDCAP FUND- REGULAR PLAN -Growth,Equity Scheme - Large & Mid Cap Fund,2820347.8,01/01/1993,01/01/2006
103034,SBI Funds Management Limited,SBI MNC FUND - REGULAR PLAN -GROWTH,Equity Scheme - Sectoral/ Thematic,469696.86,06/06/2005,01/01/2006
103040,Kotak Mahindra Asset Management Company Limited.,Kotak Contra Fund - Regular Plan - Growth,Equity Scheme - Contra Fund,314829.51,02/06/2005,01/01/2006
103098,UTI Asset Mgmt. Co. Ltd.,UTI Value Fund - Regular Plan - Growth Option,Equity Scheme - Value Fund,701932.23,16/07/2005,01/01/2006
103145,SBI Funds Management Limited,SBI COMMA Fund - REGULAR PLAN - Growth,Equity Scheme - Sectoral/ Thematic,57396.38,30/06/2005,01/01/2006
103155,Aditya Birla Sun Life AMC Limited,Aditya Birla Sun Life Equity Hybrid'95 Fund - Regular Plan-Growth,Hybrid Scheme - Aggressive Hybrid Fund,562869.47,19/01/1995,01/01/2006
103166,Aditya Birla Sun Life AMC Limited,Aditya Birla Sun Life Flexi Cap Fund - Growth - Regular Plan,Equity Scheme - Flexi Cap Fund,1892347.75,17/08/1998,01/01/2006
103168,Aditya Birla Sun Life AMC Limited,Aditya Birla Sun Life Digital India Fund - Growth - Regular Plan,Equity Scheme - Sectoral/ Thematic,279196.91,15/12/1999,01/01/2006
103215,SBI Funds Management Limited,SBI Flexicap Fund - REGULAR PLAN -Growth Option,Equity Scheme - Flexi Cap Fund,1585473.89,22/08/2005,01/01/2006
103234,Kotak Mahindra Asset Management Company Limited.,Kotak Large & Midcap Fund - Growth-Regular,Equity Scheme - Large & Mid Cap Fund,2202677.08,10/09/2004,01/01/2006
103390,Canara Robeco Asset Management Company Limited,CANARA ROBECO INFRASTRUCTURE FUND - REGULAR PLAN - GROWTH OPTION,Equity Scheme - Sectoral/ Thematic,65417.28,11/10/2005,01/01/2006
103408,SBI Funds Management Limited,SBI MULTI ASSET ALLOCATION FUND - REGULAR PLAN - GROWTH,Hybrid Scheme - Multi Asset Allocation,1264099.24,09/11/2005,01/01/2006
103504,SBI Funds Management Limited,SBI Large Cap FUND-REGULAR PLAN GROWTH,Equity Scheme - Large Cap Fund,3696707.3,23/12/2005,01/01/2006
103819,DSP Asset Managers Private Limited,DSP Large & Mid Cap Fund - Regular Plan - Growth,Equity Scheme - Large & Mid Cap Fund,1372734.86,11/03/2000,01/01/2006
104481,DSP Asset Managers Private Limited,DSP Midcap Fund - Regular Plan - Growth,Equity Scheme - Mid Cap Fund,1549495.45,29/09/2006,29/09/2006
104523,SBI Funds Management Limited,SBI ESG Exclusionary Strategy Fund - Regular Plan - Growth,Equity Scheme - Sectoral/ Thematic,388450.47,29/10/1993,01/01/2006
104636,Invesco Asset Management (India) Private Limited,Invesco India ELSS Tax Saver Fund - Regular Plan - Growth,Equity Scheme - ELSS,213240.41,20/11/2006,20/11/2006
104772,DSP Asset Managers Private Limited,DSP ELSS Tax Saver Fund - Regular Plan - Growth,Equity Scheme - ELSS,1153097.22,27/11/2006,27/11/2006
104908,Kotak Mahindra Asset Management Company Limited.,Kotak Midcap Fund - Regular Plan - Growth,Equity Scheme - Mid Cap Fund,4432854.34,12/02/2007,12/02/2007
105001,Sundaram Asset Management Company Ltd,Sundaram Large and Midcap Fund Regular Plan - Growth,Equity Scheme - Large & Mid Cap Fund,531953.51,10/01/2007,10/01/2007
105460,Invesco Asset Management (India) Private Limited,Invesco India Contra Fund - Regular Plan - Growth,Equity Scheme - Contra Fund,1348782.09,15/02/2007,15/02/2007
105503,Invesco Asset Management (India) Private Limited,Invesco India Midcap Fund - Regular Plan - Growth Option,Equity Scheme - Mid Cap Fund,714164.55,15/02/2007,15/02/2007
105628,SBI Funds Management Limited,SBI ELSS Tax Saver FUND - REGULAR PLAN- GROWTH,Equity Scheme - ELSS,2352573.31,24/02/1993,01/01/2006
105875,DSP Asset Managers Private Limited,DSP Flexi Cap Fund - Regular Plan - Growth,Equity Scheme - Flexi Cap Fund,960958.82,04/04/1997,01/01/2006
105989,DSP Asset Managers Private Limited,DSP Small Cap Fund - Regular - Growth,Equity Scheme - Small Cap Fund,1218251.81,04/05/2007,04/05/2007
106096,SBI Funds Management Limited,SBI INFRASTRUCTURE FUND -  REGULAR PLAN - GROWTH,Equity Scheme - Sectoral/ Thematic,348989.11,11/05/2007,11/05/2007
106144,Invesco Asset Management (India) Private Limited,Invesco India Large & Mid Cap Fund - Regular Plan - Growth,Equity Scheme - Large & Mid Cap Fund,689261.97,09/07/2007,09/07/2007
106166,Canara Robeco Asset Management Company Limited,CANARA ROBECO EQUITY HYBRID FUND - REGULAR PLAN - GROWTH OPTION,Hybrid Scheme - Aggressive Hybrid Fund,840426.43,01/12/1992,01/01/2006
106317,Invesco Asset Management (India) Private Limited,Invesco India Balanced Advantage Fund - Regular Plan - Growth,Hybrid Scheme - Dynamic Asset Allocation or Balanced Advantage,76456.9,16/08/2007,16/08/2007
106425,UTI Asset Mgmt. Co. Ltd.,UTI India Consumer Fund - Regular Plan - Growth Option,Equity Scheme - Sectoral/ Thematic,60077.51,02/07/2007,02/07/2007
106654,Invesco Asset Management (India) Private Limited,Invesco India Infrastructure Fund - Regular Plan - Growth Option,Equity Scheme - Sectoral/ Thematic,76553.9,25/09/2007,25/09/2007
106871,LIC Mutual Fund Asset Management Limited,LIC MF Large Cap Fund-Regular Plan-Growth,Equity Scheme - Large Cap Fund,108847.42,01/09/1994,01/01/2006
106873,Aditya Birla Sun Life AMC Limited,Aditya Birla Sun Life International Equity Fund - Growth - Regular Plan,Equity Scheme - Sectoral/ Thematic,18161.56,17/09/2007,17/09/2007
107288,JM Financial Asset Management Limited,JM ELSS Tax Saver Fund (Regular) - Growth option,Equity Scheme - ELSS,15804.28,24/12/2007,24/12/2007
107353,Invesco Asset Management (India) Private Limited,Invesco India Multicap Fund - Regular Plan - Growth Option,Equity Scheme - Multi Cap Fund,359621.38,07/01/2008,07/01/2008
107410,JM Financial Asset Management Limited,JM Focused Fund (Regular) - Growth Option,Equity Scheme - Focused Fund,24142.73,14/01/2008,14/01/2008
107763,LIC Mutual Fund Asset Management Limited,LIC MF Infrastructure Fund-Regular Plan-Growth,Equity Scheme - Sectoral/ Thematic,55569.7,31/01/2008,31/01/2008
108202,DSP Asset Managers Private Limited,DSP Natural Resources And New Energy Fund - Regular - Growth,Equity Scheme - Sectoral/ Thematic,99849.19,03/03/2008,03/03/2008
108378,Invesco Asset Management (India) Private Limited,Invesco India Financial Services Fund - Regular Plan - Growth,Equity Scheme - Sectoral/ Thematic,121494.02,19/05/2008,19/05/2008
108592,Bandhan AMC Limited,Bandhan Focused Fund - Regular Plan - Growth,Equity Scheme - Focused Fund,167065.24,30/01/2006,30/01/2006
108594,Bandhan AMC Limited,BANDHAN Flexi Cap Fund - Regular Plan - Growth,Equity Scheme - Flexi Cap Fund,638581.42,05/09/2005,01/01/2006
108596,Bandhan AMC Limited,Bandhan Large & Mid Cap Fund - Regular Plan - Growth,Equity Scheme - Large & Mid Cap Fund,1118044.96,27/06/2005,01/01/2006
108799,Bandhan AMC Limited,BANDHAN Large Cap Fund - Regular Plan - Growth,Equity Scheme - Large Cap Fund,161109.38,19/04/2006,19/04/2006
108909,Bandhan AMC Limited,Bandhan Value Fund - Regular Plan - Growth,Equity Scheme - Value Fund,867649.51,09/01/2008,09/01/2008
109059,Sundaram Asset Management Company Ltd,Sundaram Financial Services Opportunities Fund Regular Plan - Growth,Equity Scheme - Sectoral/ Thematic,137597.19,10/05/2008,10/05/2008
109275,quant Money Managers Limited,quant Focused Fund - Growth Option - Regular Plan,Equity Scheme - Focused Fund,45417.85,03/07/2008,03/07/2008
109522,JM Financial Asset Management Limited,JM Flexicap Fund (Regular) - Growth option,Equity Scheme - Flexi Cap Fund,272895.78,31/07/2008,31/07/2008
109830,quant Money Managers Limited,quant Flexi Cap Fund - Growth Option - Regular Plan,Equity Scheme - Flexi Cap Fund,309404.5,25/08/2008,25/08/2008
110603,Bank of India Investment Managers Private Limited,BANK OF INDIA Large & Mid Cap Fund Regular Plan- Growth,Equity Scheme - Large & Mid Cap Fund,38353.35,04/09/2008,04/09/2008
111569,Bandhan AMC Limited,BANDHAN ELSS Tax Saver Fund - Regular Plan - Growth,Equity Scheme - ELSS,483159.76,01/12/2008,01/12/2008
111599,UTI Asset Mgmt. Co. Ltd.,UTI Multi Asset Allocation Fund - Regular Plan - Growth Option,Hybrid Scheme - Multi Asset Allocation,576833.13,21/10/2008,21/10/2008
111638,Edelweiss Asset Management Limited,Edelweiss ELSS Tax Saver Fund - Regular Plan - Growth Option,Equity Scheme - ELSS,38997.57,26/12/2008,26/12/2008
111710,Bank of India Investment Managers Private Limited,BANK OF INDIA ELSS Tax Saver -Regular Plan- Growth,Equity Scheme - ELSS,80417.64,12/12/2008,12/12/2008
111722,Canara Robeco Asset Management Company Limited,CANARA ROBECO ELSS TAX SAVER - REGULAR PLAN - GROWTH OPTION,Equity Scheme - ELSS,594121.62,25/02/1993,01/01/2006
111787,Taurus Asset Management Company Limited,Taurus Ethical Fund - Regular Plan - Growth,Equity Scheme - Sectoral/ Thematic,18262.45,19/02/2009,19/02/2009
111940,Edelweiss Asset Management Limited,Edelweiss Large Cap Fund - Regular Plan - Growth Option,Equity Scheme - Large Cap Fund,116441.89,04/05/2009,04/05/2009
112098,Invesco Asset Management (India) Private Limited,Invesco India Largecap Fund - Regular Plan - Growth,Equity Scheme - Large Cap Fund,136525.93,10/07/2009,10/07/2009
112108,Edelweiss Asset Management Limited,Edelweiss Aggressive Hybrid Fund - Regular Plan - Growth Option,Hybrid Scheme - Aggressive Hybrid Fund,290220.06,08/06/2009,08/06/2009
112117,Edelweiss Asset Management Limited,Edelweiss Balanced Advantage Fund - Regular Plan - Growth Option,Hybrid Scheme - Dynamic Asset Allocation or Balanced Advantage,1007534.36,03/08/2009,03/08/2009
112152,Canara Robeco Asset Management Company Limited,CANARA ROBECO CONSUMER TRENDS FUND - REGULAR PLAN - GROWTH OPTION,Equity Scheme - Sectoral/ Thematic,164025.72,20/07/2009,20/07/2009
112171,Invesco Asset Management (India) Private Limited,Invesco India PSU Equity Fund - Regular Plan - Growth,Equity Scheme - Sectoral/ Thematic,82432.47,29/09/2009,29/09/2009
112277,Axis Asset Management Co. Ltd.,Axis Large Cap Fund - Regular Plan - Growth,Equity Scheme - Large Cap Fund,1943514.75,11/11/2009,11/11/2009
112323,Axis Asset Management Co. Ltd.,Axis ELSS Tax Saver Fund - Regular Plan - Growth,Equity Scheme - ELSS,2209646.83,17/12/2009,17/12/2009
112901,DSP Asset Managers Private Limited,DSP Focused Fund - Regular Plan - Growth,Equity Scheme - Focused Fund,198414.02,23/04/2010,23/04/2010
112932,Mirae Asset Investment Managers (India) Pvt. Ltd,Mirae Asset Large & Midcap Fund - Regular Plan - Growth,Equity Scheme - Large & Mid Cap Fund,2555099.79,24/05/2010,24/05/2010
113064,Axis Asset Management Co. Ltd.,Axis Multi Asset Allocation Fund - Regular Plan - Growth Option,Hybrid Scheme - Multi Asset Allocation,140061.28,30/06/2010,30/06/2010
113099,SBI Funds Management Limited,SBI PSU Fund - REGULAR PLAN -Growth,Equity Scheme - Sectoral/ Thematic,240407.63,17/05/2010,17/05/2010
113221,Canara Robeco Asset Management Company Limited,CANARA ROBECO LARGE CAP FUND - REGULAR PLAN - GROWTH OPTION,Equity Scheme - Large Cap Fund,963824.92,28/06/2010,28/06/2010
114476,Bandhan AMC Limited,BANDHAN Infrastructure Fund - Regular Plan - Growth,Equity Scheme - Sectoral/ Thematic,110892.03,07/02/2011,07/02/2011
114564,Axis Asset Management Co. Ltd.,Axis Midcap Fund - Regular Plan - Growth,Equity Scheme - Mid Cap Fund,2010707.03,31/01/2011,31/01/2011
114931,Mirae Asset Investment Managers (India) Pvt. Ltd,Mirae Asset Great Consumer Fund - Regular Plan - Growth option,Equity Scheme - Sectoral/ Thematic,362474.73,09/03/2011,09/03/2011
116547,Groww Asset Management Limited,Groww Largecap Fund (formerly known as Indiabulls Blue Chip Fund) - Regular Plan- Growth Option,Equity Scheme - Large Cap Fund,8208.93,20/01/2012,20/01/2012
117549,Baroda BNP Paribas Asset Management India Private Limited,Baroda BNP Paribas Banking and Financial Services Fund - Regular - Growth Option,Equity Scheme - Sectoral/ Thematic,36661.98,01/06/2012,01/06/2012
117560,Axis Asset Management Co. Ltd.,Axis Focused Fund - Regular Plan - Growth Option,Equity Scheme - Focused Fund,846431.69,11/06/2012,11/06/2012
120576,SBI Funds Management Limited,SBI CONSUMPTION OPPORTUNITIES FUND - REGULAR - GROWTH,Equity Scheme - Sectoral/ Thematic,205350.1,01/01/1993,01/01/2006
120577,SBI Funds Management Limited,SBI TECHNOLOGY OPPORTUNITIES FUND - REGULAR PLAN - GROWTH,Equity Scheme - Sectoral/ Thematic,269824.6,01/01/1993,01/01/2006
122387,Motilal Oswal Asset Management Company Limited,Motilal Oswal Focused Fund - Regular Plan Growth Option,Equity Scheme - Focused Fund,91652.13,22/04/2013,22/04/2013
122640,PPFAS Asset Management Pvt. Ltd.,Parag Parikh Flexi Cap Fund - Regular Plan - Growth,Equity Scheme - Flexi Cap Fund,4501869.55,13/05/2013,13/05/2013
125305,PGIM India Asset Management Private Limite,PGIM India Midcap Fund - Regular Plan - Growth Option,Equity Scheme - Mid Cap Fund,652140.51,11/11/2013,11/11/2013
125350,Axis Asset Management Co. Ltd.,Axis Small Cap Fund - Regular Plan - Growth,Equity Scheme - Small Cap Fund,1087855.24,11/11/2013,11/11/2013
125494,SBI Funds Management Limited,SBI Small Cap Fund - Regular Plan - Growth,Equity Scheme - Small Cap Fund,2255560.34,27/07/2009,27/07/2009
125595,Aditya Birla Sun Life AMC Limited,Aditya Birla Sun Life Banking and Financial Services Fund - Regular Plan - Growth,Equity Scheme - Sectoral/ Thematic,303754.39,25/11/2013,25/11/2013
125713,Shriram Asset Management Co. Ltd.,Shriram Aggressive Hybrid Fund- Regular Growth,Hybrid Scheme - Aggressive Hybrid Fund,4013.58,08/11/2013,08/11/2013
126394,DSP Asset Managers Private Limited,DSP Dynamic Asset Allocation Fund - Regular Plan - Growth,Hybrid Scheme - Dynamic Asset Allocation or Balanced Advantage,287397.46,17/01/2014,17/01/2014
127039,Motilal Oswal Asset Management Company Limited,Motilal Oswal Midcap Fund-Regular Plan-Growth Option,Equity Scheme - Mid Cap Fund,1376368.75,03/02/2014,03/02/2014
127849,Bank of India Investment Managers Private Limited,BANK OF INDIA BALANCED ADVANTAGE FUND REGULAR PLAN  GROWTH,Hybrid Scheme - Dynamic Asset Allocation or Balanced Advantage,12552.65,21/02/2014,21/02/2014
129048,Motilal Oswal Asset Management Company Limited,Motilal Oswal Flexi Cap Fund Regular Plan-Growth Option,Equity Scheme - Flexi Cap Fund,724091.26,07/04/2014,07/04/2014
129213,Sundaram Asset Management Company Ltd,Sundaram Infrastructure Advantage Fund Regular Plan - Growth,Equity Scheme - Sectoral/ Thematic,77690.6,10/08/2005,01/01/2006
129647,Union Asset Management Company Private Limited,Union Small Cap Fund - Regular Plan - Growth Option,Equity Scheme - Small Cap Fund,160756.75,20/05/2014,20/05/2014
131357,Bandhan AMC Limited,BANDHAN Balanced Advantage Fund Regular Plan Growth,Hybrid Scheme - Dynamic Asset Allocation or Balanced Advantage,193861.8,17/09/2014,17/09/2014
131578,360 ONE Asset Management Limited,360 ONE Focused Fund -Regular Plan - Growth,Equity Scheme - Focused Fund,264001.19,08/10/2014,08/10/2014
131666,Aditya Birla Sun Life AMC Limited,Aditya Birla Sun Life Balanced Advantage Fund - Regular Plan - Growth Option,Hybrid Scheme - Dynamic Asset Allocation or Balanced Advantage,734385.26,15/03/2000,01/01/2006
132757,Tata Asset Management Limited,Tata ELSS Fund-Growth-Regular Plan,Equity Scheme - ELSS,300779.27,31/03/1996,01/01/2006
133036,Kotak Mahindra Asset Management Company Limited.,Kotak Aggressive Hybrid Fund - Regular Plan -Growth,Hybrid Scheme - Aggressive Hybrid Fund,719388.25,29/11/1999,01/01/2006
133385,Motilal Oswal Asset Management Company Limited,Motilal Oswal ELSS Tax Saver Fund - Regular Plan - Growth Option,Equity Scheme - ELSS,267226.4,26/12/2014,26/12/2014
133513,Aditya Birla Sun Life AMC Limited,Aditya Birla Sun Life Manufacturing Equity Fund - Regular Plan - Growth,Equity Scheme - Sectoral/ Thematic,98191.32,13/01/2015,13/01/2015
133711,LIC Mutual Fund Asset Management Limited,LIC MF Large & Mid Cap Fund-Regular Plan-Growth,Equity Scheme - Large & Mid Cap Fund,238383.31,02/02/2015,02/02/2015
133836,PGIM India Asset Management Private Limite,PGIM India Flexi Cap Fund - Regular Plan - Growth Option,Equity Scheme - Flexi Cap Fund,406637.91,11/02/2015,11/02/2015
133858,SBI Funds Management Limited,SBI BANKING & FINANCIAL SERVICES FUND - REGULAR PLAN - GROWTH,Equity Scheme - Sectoral/ Thematic,525002.92,11/02/2015,11/02/2015
134016,LIC Mutual Fund Asset Management Limited,LIC MF Banking and Financial Services Fund-Regular Plan-Growth,Equity Scheme - Sectoral/ Thematic,23899.96,09/03/2015,09/03/2015
134815,Mirae Asset Investment Managers (India) Pvt. Ltd,Mirae Asset Aggressive Hybrid Fund - Regular Plan - Growth,Hybrid Scheme - Aggressive Hybrid Fund,736891.58,08/07/2015,08/07/2015
135343,Groww Asset Management Limited,Groww Value Fund (formerly known as Indiabulls Value Fund) - Regular Plan - Growth Option,Equity Scheme - Value Fund,1564.08,03/09/2015,03/09/2015
135598,PGIM India Asset Management Private Limite,PGIM India ELSS Tax Saver Fund - Regular Plan - Growth Option,Equity Scheme - ELSS,56282.41,19/10/2015,19/10/2015
135655,Navi AMC Limited,Navi ELSS Tax Saver Fund- Regular Plan- Growth Option,Equity Scheme - ELSS,3951.07,09/11/2015,09/11/2015
135678,Navi AMC Limited,Navi Large & Midcap Fund- Regular Plan- Growth Option,Equity Scheme - Large & Mid Cap Fund,23228.08,16/11/2015,16/11/2015
135784,Mirae Asset Investment Managers (India) Pvt. Ltd,Mirae Asset ELSS Tax Saver Fund - Regular Plan - Growth,Equity Scheme - ELSS,1188221.86,20/11/2015,20/11/2015
135794,Tata Asset Management Limited,Tata Banking And Financial Services Fund-Regular Plan-Growth,Equity Scheme - Sectoral/ Thematic,220569.68,04/12/2015,04/12/2015
135797,Tata Asset Management Limited,Tata Digital India Fund-Regular Plan-Growth,Equity Scheme - Sectoral/ Thematic,495912.99,04/12/2015,04/12/2015
135804,Tata Asset Management Limited,Tata India Consumer Fund-Regular Plan-Growth,Equity Scheme - Sectoral/ Thematic,192098.1,04/12/2015,04/12/2015
135812,Tata Asset Management Limited,Tata India Pharma & Healthcare Fund-Regular Plan-Growth,Equity Scheme - Sectoral/ Thematic,84552.6,04/12/2015,04/12/2015
135815,Tata Asset Management Limited,Tata Resources & Energy Fund-Regular Plan-Growth,Equity Scheme - Sectoral/ Thematic,81148.62,04/12/2015,04/12/2015
140172,Edelweiss Asset Management Limited,Edelweiss Large & Mid Cap Fund - Regular Plan - Growth Option,Equity Scheme - Large & Mid Cap Fund,396312.74,19/04/2007,19/04/2007
140225,Edelweiss Asset Management Limited,Edelweiss Mid Cap Fund - Regular Plan - Growth Option,Equity Scheme - Mid Cap Fund,1037039.13,09/11/2007,09/11/2007
140355,Edelweiss Asset Management Limited,Edelweiss Flexi Cap Fund - Regular Plan - Growth Option,Equity Scheme - Flexi Cap Fund,267804.29,13/01/2015,13/01/2015
141068,Quantum Asset Management Company Private Limited,Quantum Value Fund - Regular Plan Growth Option,Equity Scheme - Value Fund,4346.08,08/02/2006,08/02/2006
141070,Quantum Asset Management Company Private Limited,Quantum ELSS Tax Saver Fund - Regular Plan Growth Option,Equity Scheme - ELSS,3112.53,10/12/2008,10/12/2008
149569,Sundaram Asset Management Company Ltd,Sundaram ELSS Tax Saver Fund Regular Growth,Equity Scheme - ELSS,122888.95,01/01/1996,01/01/2006
150156,Baroda BNP Paribas Asset Management India Private Limited,BARODA BNP PARIBAS ELSS Tax Saver Fund - Regular - Growth Option,Equity Scheme - ELSS,77887.1,07/11/2005,01/01/2006
150185,Baroda BNP Paribas Asset Management India Private Limited,BARODA BNP PARIBAS LARGE CAP Fund- Regular Plan - Growth Option,Equity Scheme - Large Cap Fund,213346.16,09/08/2004,01/01/2006
150209,Baroda BNP Paribas Asset Management India Private Limited,BARODA BNP PARIBAS Mid Cap Fund - Regular Plan - Growth Option,Equity Scheme - Mid Cap Fund,205255.0,13/03/2006,13/03/2006
151034,HSBC Asset Management (India) Private Ltd.,HSBC Midcap Fund - Regular Growth,Equity Scheme - Mid Cap Fund,948307.68,24/06/2004,01/01/2006
151037,HSBC Asset Management (India) Private Ltd.,HSBC Infrastructure Fund - Regular Growth,Equity Scheme - Sectoral/ Thematic,159424.73,07/08/2007,07/08/2007
151076,HSBC Asset Management (India) Private Ltd.,HSBC ELSS Tax saver Fund - Regular Growth,Equity Scheme - ELSS,319510.86,05/01/2006,05/01/2006
151110,HSBC Asset Management (India) Private Ltd.,HSBC Value Fund - Regular Growth,Equity Scheme - Value Fund,1098206.99,16/11/2009,16/11/2009
151120,HSBC Asset Management (India) Private Ltd.,HSBC Aggressive Hybrid Fund - Regular Growth,Hybrid Scheme - Aggressive Hybrid Fund,453648.24,17/01/2011,17/01/2011
151127,HSBC Asset Management (India) Private Ltd.,HSBC Balanced Advantage Fund - Regular Growth,Hybrid Scheme - Dynamic Asset Allocation or Balanced Advantage,137299.81,17/01/2011,17/01/2011
151133,HSBC Asset Management (India) Private Ltd.,HSBC Small Cap Fund - Regular Growth,Equity Scheme - Small Cap Fund,1104985.89,22/04/2014,22/04/2014
151144,HSBC Asset Management (India) Private Ltd.,HSBC Business Cycles Fund - Regular Growth,Equity Scheme - Sectoral/ Thematic,97584.29,30/07/2014,30/07/2014
